,date,open,close,high,low,volume,code
0,2011-01-04,19.8,19.64,19.87,19.17,74271.0,600198
1,2011-01-05,19.47,20.23,20.42,19.28,109695.0,600198
2,2011-01-06,20.36,20.29,20.87,20.15,117186.0,600198
3,2011-01-07,20.15,19.83,20.58,19.6,78288.0,600198
4,2011-01-10,19.0,17.85,19.0,17.85,262947.0,600198
5,2011-01-11,17.25,17.28,17.39,16.88,118499.0,600198
6,2011-01-12,17.29,17.22,17.4,16.9,65934.0,600198
7,2011-01-13,17.35,17.41,17.59,17.24,63933.0,600198
8,2011-01-14,17.48,17.08,17.5,17.05,48194.0,600198
9,2011-01-17,16.94,16.14,17.09,15.9,62576.0,600198
10,2011-01-18,16.09,16.44,16.55,16.06,31546.0,600198
11,2011-01-19,16.44,16.7,16.75,16.44,37839.0,600198
12,2011-01-20,16.72,15.43,16.72,15.24,57658.0,600198
13,2011-01-21,15.44,15.44,15.74,15.36,59626.0,600198
14,2011-01-24,15.4,14.89,15.69,14.7,49426.0,600198
15,2011-01-25,14.75,15.01,15.1,14.47,46057.0,600198
16,2011-01-26,14.91,15.61,15.8,14.91,52501.0,600198
17,2011-01-27,15.5,15.67,16.0,15.28,72327.0,600198
18,2011-01-28,15.66,15.86,15.97,15.49,43007.0,600198
19,2011-01-31,15.86,16.0,16.04,15.58,41312.0,600198
20,2011-02-01,16.16,15.92,16.16,15.86,31668.0,600198
21,2011-02-09,15.62,16.29,16.58,15.6,58994.0,600198
22,2011-02-10,16.29,16.45,16.47,16.07,56122.0,600198
23,2011-02-11,16.5,16.59,16.96,16.48,56791.0,600198
24,2011-02-14,16.65,17.0,17.01,16.59,72169.0,600198
25,2011-02-15,17.28,17.07,17.47,16.95,77537.0,600198
26,2011-02-16,17.09,17.44,17.68,16.98,107739.0,600198
27,2011-02-18,17.5,17.15,17.6,16.92,79755.0,600198
28,2011-02-21,16.93,18.47,18.6,16.86,129074.0,600198
29,2011-02-22,18.37,17.85,18.37,17.41,114585.0,600198
30,2011-02-23,17.74,17.94,18.26,17.4,76590.0,600198
31,2011-02-24,18.29,18.16,18.6,18.03,98973.0,600198
32,2011-02-25,18.0,18.81,19.15,17.73,160232.0,600198
33,2011-02-28,18.7,18.76,18.88,18.41,86337.0,600198
34,2011-03-01,18.77,18.89,19.31,18.6,92473.0,600198
35,2011-03-02,18.6,18.55,18.85,18.23,61450.0,600198
36,2011-03-03,18.5,17.61,18.7,17.53,90917.0,600198
37,2011-03-04,17.6,17.77,17.78,17.36,45299.0,600198
38,2011-03-07,17.84,17.91,18.08,17.77,49590.0,600198
39,2011-03-08,18.0,18.17,18.35,17.71,75398.0,600198
40,2011-03-09,18.2,18.16,18.29,17.95,46332.0,600198
41,2011-03-10,18.02,18.04,18.36,18.0,45824.0,600198
42,2011-03-11,17.8,17.73,17.94,17.6,51463.0,600198
43,2011-03-14,17.98,17.94,18.17,17.5,46465.0,600198
44,2011-03-15,17.8,17.31,17.8,16.99,65025.0,600198
45,2011-03-16,17.25,17.5,17.58,17.2,44148.0,600198
46,2011-03-17,17.39,16.98,17.39,16.92,56657.0,600198
47,2011-03-18,17.12,17.52,17.58,16.88,89924.0,600198
48,2011-03-21,17.56,17.48,17.87,17.3,72161.0,600198
49,2011-03-22,17.6,17.25,17.65,17.06,34900.0,600198
50,2011-03-23,17.25,17.8,17.89,17.05,56031.0,600198
51,2011-03-24,17.76,17.62,17.84,17.53,51110.0,600198
52,2011-03-25,17.5,17.69,17.75,17.46,45344.0,600198
53,2011-03-28,18.11,17.57,18.11,17.5,55894.0,600198
54,2011-03-29,17.5,17.02,17.56,16.93,58434.0,600198
55,2011-03-30,16.98,16.52,17.04,16.5,49838.0,600198
56,2011-03-31,16.93,16.73,17.37,16.52,62913.0,600198
57,2011-04-01,16.58,16.6,16.69,16.45,38805.0,600198
58,2011-04-06,16.5,16.26,16.5,16.09,51647.0,600198
59,2011-04-08,16.3,16.62,16.64,16.2,41656.0,600198
60,2011-04-11,16.61,16.2,16.62,16.2,54585.0,600198
61,2011-04-12,16.49,16.25,16.58,16.13,60177.0,600198
62,2011-04-13,16.23,16.41,16.44,15.91,36398.0,600198
63,2011-04-14,16.42,16.59,16.8,16.42,51801.0,600198
64,2011-04-15,16.78,16.51,16.85,16.25,44005.0,600198
65,2011-04-18,16.53,16.22,16.59,16.13,48042.0,600198
66,2011-04-19,16.11,15.64,16.14,15.57,58662.0,600198
67,2011-04-20,15.7,15.79,15.88,15.67,32474.0,600198
68,2011-04-21,15.89,15.93,15.98,15.7,33036.0,600198
69,2011-04-22,15.89,15.68,15.9,15.6,35896.0,600198
70,2011-04-25,15.63,15.29,15.66,15.22,33731.0,600198
71,2011-04-26,15.28,15.01,15.34,14.95,32102.0,600198
72,2011-04-27,15.1,14.79,15.19,14.6,37738.0,600198
73,2011-04-28,14.85,14.7,15.01,14.68,33474.0,600198
74,2011-04-29,14.41,14.81,14.9,14.34,41121.0,600198
75,2011-05-03,14.81,15.25,15.28,14.75,37469.0,600198
76,2011-05-04,15.19,14.93,15.19,14.63,40630.0,600198
77,2011-05-05,14.75,15.03,15.1,14.71,35480.0,600198
78,2011-05-06,14.98,15.08,15.22,14.75,30303.0,600198
79,2011-05-09,15.06,14.98,15.24,14.97,38790.0,600198
80,2011-05-10,15.09,15.03,15.1,14.79,31531.0,600198
81,2011-05-11,15.27,15.24,15.44,15.08,48568.0,600198
82,2011-05-12,15.01,14.82,15.19,14.8,30712.0,600198
83,2011-05-13,14.82,16.3,16.3,14.8,147036.0,600198
84,2011-05-16,16.3,16.54,17.15,16.12,221467.0,600198
85,2011-05-17,16.32,16.38,16.78,16.2,113276.0,600198
86,2011-05-18,16.57,16.59,17.08,16.42,102804.0,600198
87,2011-05-19,16.59,16.34,16.73,16.11,76581.0,600198
88,2011-05-20,16.1,16.0,16.24,15.76,63040.0,600198
89,2011-05-23,15.9,15.11,15.95,15.09,58866.0,600198
90,2011-05-24,14.9,14.68,15.11,14.34,56792.0,600198
91,2011-05-25,14.78,14.74,15.03,14.63,38873.0,600198
92,2011-05-26,14.8,14.55,14.99,14.51,42455.0,600198
93,2011-05-30,13.9,13.1,13.9,13.1,73697.0,600198
94,2011-05-31,13.08,13.42,13.48,13.02,36222.0,600198
95,2011-06-01,13.4,13.51,13.66,13.3,29183.0,600198
96,2011-06-02,13.35,14.01,14.85,13.26,84419.0,600198
97,2011-06-03,13.88,14.04,14.18,13.79,36770.0,600198
98,2011-06-07,14.04,14.09,14.2,13.98,20072.0,600198
99,2011-06-08,14.08,14.2,14.25,14.02,28299.0,600198
100,2011-06-09,14.18,13.64,14.25,13.62,36192.0,600198
101,2011-06-10,13.65,13.57,13.75,13.31,25434.0,600198
102,2011-06-13,13.41,13.56,13.66,13.28,16768.0,600198
103,2011-06-14,13.58,13.93,13.95,13.58,25496.0,600198
104,2011-06-15,13.89,14.07,14.23,13.82,34427.0,600198
105,2011-06-16,13.8,13.55,13.98,13.54,22328.0,600198
106,2011-06-17,13.52,13.25,13.65,13.15,32072.0,600198
107,2011-06-20,13.19,13.04,13.35,12.9,23412.0,600198
108,2011-06-21,13.01,13.2,13.22,13.01,13930.0,600198
109,2011-06-22,13.3,13.35,13.49,13.15,23570.0,600198
110,2011-06-23,13.66,14.03,14.55,13.66,112061.0,600198
111,2011-06-24,13.71,14.15,14.3,13.68,91804.0,600198
112,2011-06-27,14.11,14.22,14.33,14.0,60147.0,600198
113,2011-06-28,14.22,14.08,14.32,14.0,55054.0,600198
114,2011-06-29,14.1,13.88,14.23,13.85,50529.0,600198
115,2011-06-30,13.89,14.21,14.33,13.83,51420.0,600198
116,2011-07-01,14.19,14.15,14.36,14.05,45119.0,600198
117,2011-07-04,14.15,14.54,14.55,14.1,74125.0,600198
118,2011-07-05,14.5,14.59,14.75,14.42,69951.0,600198
119,2011-07-06,14.56,14.5,14.57,14.3,44236.0,600198
120,2011-07-07,14.45,14.62,14.87,14.41,77946.0,600198
121,2011-07-08,14.65,14.56,14.84,14.46,43758.0,600198
122,2011-07-11,14.15,14.15,14.23,13.88,90463.0,600198
123,2011-07-12,13.99,13.76,14.05,13.75,44512.0,600198
124,2011-07-13,13.75,14.04,14.14,13.75,41875.0,600198
125,2011-07-14,14.04,14.21,14.22,13.95,52750.0,600198
126,2011-07-15,14.17,14.3,14.39,14.08,48923.0,600198
127,2011-07-19,14.48,14.48,14.7,14.2,103977.0,600198
128,2011-07-20,14.5,14.4,14.57,14.2,60140.0,600198
129,2011-07-21,14.36,14.09,14.43,14.06,45076.0,600198
130,2011-07-22,14.25,14.51,14.74,14.16,59826.0,600198
131,2011-07-25,14.46,13.57,14.46,13.5,57423.0,600198
132,2011-07-26,13.57,13.52,13.71,13.31,23630.0,600198
133,2011-07-27,13.5,13.61,13.68,13.38,27168.0,600198
134,2011-07-28,13.47,13.43,13.58,13.3,26694.0,600198
135,2011-07-29,13.37,13.29,13.55,13.22,18823.0,600198
136,2011-08-01,13.29,13.45,13.55,13.29,16871.0,600198
137,2011-08-02,13.37,13.35,13.37,13.2,18776.0,600198
138,2011-08-03,13.2,13.35,13.41,13.16,15246.0,600198
139,2011-08-04,13.38,13.42,13.54,13.36,15840.0,600198
140,2011-08-05,12.91,12.98,13.2,12.74,43103.0,600198
141,2011-08-08,12.7,11.75,12.7,11.68,70396.0,600198
142,2011-08-09,11.15,11.4,11.5,10.63,55877.0,600198
143,2011-08-10,11.7,11.4,11.95,11.38,88850.0,600198
144,2011-08-11,10.98,11.44,11.47,10.9,50148.0,600198
145,2011-08-12,11.6,11.58,11.77,11.52,52802.0,600198
146,2011-08-15,11.69,11.8,11.93,11.55,43308.0,600198
147,2011-08-16,11.85,11.97,12.24,11.73,72912.0,600198
148,2011-08-17,12.05,11.7,12.05,11.67,39113.0,600198
149,2011-08-18,11.65,11.49,11.71,11.45,30010.0,600198
150,2011-08-19,11.28,11.23,11.28,11.08,41325.0,600198
151,2011-08-22,11.22,11.25,11.44,11.21,25845.0,600198
152,2011-08-23,11.36,11.61,11.74,11.36,39711.0,600198
153,2011-08-24,11.62,11.72,11.9,11.56,38567.0,600198
154,2011-08-25,11.71,11.95,12.06,11.68,54044.0,600198
155,2011-08-26,11.89,11.9,11.91,11.73,37020.0,600198
156,2011-08-29,11.92,12.31,12.5,11.9,83242.0,600198
157,2011-08-30,12.38,12.05,12.55,12.03,68744.0,600198
158,2011-08-31,12.15,12.03,12.24,11.91,34843.0,600198
159,2011-09-01,12.03,11.81,12.25,11.78,28757.0,600198
160,2011-09-02,11.8,11.45,11.87,11.37,35282.0,600198
161,2011-09-05,11.36,10.91,11.39,10.9,39511.0,600198
162,2011-09-06,10.71,10.76,10.94,10.66,22409.0,600198
163,2011-09-07,10.86,11.09,11.1,10.86,22363.0,600198
164,2011-09-08,11.19,10.92,11.21,10.91,15883.0,600198
165,2011-09-09,11.06,10.9,11.09,10.81,12940.0,600198
166,2011-09-13,10.67,11.0,11.08,10.6,24505.0,600198
167,2011-09-14,11.0,11.15,11.15,10.82,20380.0,600198
168,2011-09-15,11.2,11.18,11.34,11.06,29546.0,600198
169,2011-09-19,11.14,10.95,11.14,10.93,21161.0,600198
170,2011-09-20,11.0,11.03,11.15,10.91,21619.0,600198
171,2011-09-21,11.04,11.44,11.56,10.98,37235.0,600198
172,2011-09-22,11.33,11.09,11.5,11.08,28219.0,600198
173,2011-09-23,10.78,11.4,11.45,10.7,50247.0,600198
174,2011-09-26,11.3,11.2,11.48,11.1,35070.0,600198
175,2011-09-27,11.36,11.37,11.43,11.15,25811.0,600198
176,2011-09-28,11.41,11.07,11.53,11.0,24790.0,600198
177,2011-09-29,11.01,10.66,11.2,10.62,27598.0,600198
178,2011-09-30,10.76,10.3,10.8,10.11,32078.0,600198
179,2011-10-10,10.3,10.3,10.53,10.25,15680.0,600198
180,2011-10-11,10.57,10.42,10.63,10.23,16526.0,600198
181,2011-10-12,10.39,10.86,10.92,10.27,31798.0,600198
182,2011-10-13,10.8,11.05,11.12,10.78,28965.0,600198
183,2011-10-14,11.01,10.9,11.03,10.8,14886.0,600198
184,2011-10-17,10.91,11.16,11.17,10.91,24794.0,600198
185,2011-10-18,11.35,10.92,11.7,10.88,78234.0,600198
186,2011-10-19,10.88,10.92,11.09,10.82,28672.0,600198
187,2011-10-20,10.7,10.4,10.9,10.29,26957.0,600198
188,2011-10-21,10.5,10.06,10.5,10.01,21653.0,600198
189,2011-10-24,10.1,10.23,10.29,9.85,21079.0,600198
190,2011-10-25,10.27,10.77,11.1,10.19,57845.0,600198
191,2011-10-26,10.6,11.15,11.45,10.56,81789.0,600198
192,2011-10-27,11.12,10.92,11.28,10.88,53424.0,600198
193,2011-10-28,10.92,11.14,11.23,10.89,56844.0,600198
194,2011-10-31,11.1,11.25,11.4,11.02,51017.0,600198
195,2011-11-01,11.07,11.57,11.67,11.07,100929.0,600198
196,2011-11-02,11.33,11.91,11.99,11.19,99513.0,600198
197,2011-11-03,12.1,11.75,12.52,11.7,131626.0,600198
198,2011-11-04,11.86,11.86,12.09,11.77,53522.0,600198
199,2011-11-07,11.85,11.64,11.99,11.55,44057.0,600198
200,2011-11-08,11.57,11.5,11.77,11.45,27304.0,600198
201,2011-11-09,11.58,11.94,11.97,11.47,44736.0,600198
202,2011-11-10,11.72,11.87,11.92,11.67,47807.0,600198
203,2011-11-11,11.97,11.59,11.98,11.54,34604.0,600198
204,2011-11-14,11.71,11.9,12.01,11.65,48623.0,600198
205,2011-11-15,11.9,12.49,12.9,11.78,124158.0,600198
206,2011-11-16,12.58,12.28,12.8,12.1,115922.0,600198
207,2011-11-17,12.35,12.3,12.55,12.12,60279.0,600198
208,2011-11-18,12.4,11.64,12.4,11.6,53603.0,600198
209,2011-11-21,11.55,11.53,11.74,11.34,27369.0,600198
210,2011-11-22,11.48,11.58,11.65,11.34,29780.0,600198
211,2011-11-23,11.57,11.47,11.67,11.44,15460.0,600198
212,2011-11-24,11.32,11.33,11.49,11.18,25368.0,600198
213,2011-11-25,11.25,11.27,11.54,11.25,23517.0,600198
214,2011-11-28,11.27,11.05,11.37,10.96,25726.0,600198
215,2011-11-29,11.2,11.25,11.25,11.06,17725.0,600198
216,2011-11-30,11.25,10.49,11.35,10.27,37317.0,600198
217,2011-12-01,10.93,10.69,10.97,10.68,27907.0,600198
218,2011-12-02,10.67,10.35,10.7,10.24,27152.0,600198
219,2011-12-05,10.28,9.78,10.3,9.77,42085.0,600198
220,2011-12-06,9.8,9.87,9.95,9.75,20348.0,600198
221,2011-12-07,9.9,9.99,10.0,9.78,18833.0,600198
222,2011-12-08,9.97,9.99,10.14,9.59,36462.0,600198
223,2011-12-09,9.84,10.21,10.24,9.8,38316.0,600198
224,2011-12-12,10.19,9.99,10.22,9.95,20048.0,600198
225,2011-12-13,9.9,9.65,9.9,9.5,11731.0,600198
226,2011-12-14,9.39,9.16,9.58,9.13,14529.0,600198
227,2011-12-15,9.0,8.75,9.01,8.68,23244.0,600198
228,2011-12-16,8.72,8.91,8.97,8.61,30758.0,600198
229,2011-12-19,8.89,8.86,8.89,8.57,40445.0,600198
230,2011-12-20,8.79,8.79,9.04,8.74,33933.0,600198
231,2011-12-21,8.95,8.52,8.95,8.5,29323.0,600198
232,2011-12-22,8.38,8.12,8.38,7.87,39215.0,600198
233,2011-12-23,8.1,8.18,8.25,8.02,26903.0,600198
234,2011-12-26,8.43,8.29,8.69,8.25,45567.0,600198
235,2011-12-27,8.19,7.88,8.26,7.87,26060.0,600198
236,2011-12-29,7.68,7.95,8.08,7.68,25614.0,600198
237,2011-12-30,8.74,8.4,8.75,8.18,92157.0,600198
238,2012-01-04,8.4,7.89,8.45,7.8,63200.0,600198
239,2012-01-05,7.7,7.49,7.85,7.35,43363.0,600198
240,2012-01-06,7.54,7.58,7.61,7.29,35685.0,600198
241,2012-01-09,7.56,7.86,7.98,7.5,50170.0,600198
242,2012-01-10,7.91,8.39,8.47,7.86,64637.0,600198
243,2012-01-11,8.35,8.43,8.7,8.22,66068.0,600198
244,2012-04-12,9.27,9.27,9.27,9.27,1653.0,600198
245,2012-04-13,10.2,10.2,10.2,10.2,2085.0,600198
246,2012-04-16,11.22,11.22,11.22,11.22,20167.0,600198
247,2012-04-17,12.34,11.71,12.34,11.3,287947.0,600198
248,2012-04-18,11.54,12.88,12.88,11.5,328915.0,600198
249,2012-04-19,12.68,12.2,12.68,11.92,248634.0,600198
250,2012-04-23,12.18,12.09,12.18,11.7,133412.0,600198
251,2012-04-24,11.91,11.66,12.06,11.15,139937.0,600198
252,2012-04-25,11.55,11.72,12.0,11.45,87294.0,600198
253,2012-04-26,11.6,11.85,12.1,11.57,108395.0,600198
254,2012-04-27,11.83,11.37,11.99,11.36,58783.0,600198
255,2012-05-02,11.5,11.62,11.72,11.26,64432.0,600198
256,2012-05-03,11.5,11.74,11.76,11.3,56881.0,600198
257,2012-05-04,11.84,11.76,12.19,11.75,81935.0,600198
258,2012-05-07,11.6,11.64,11.75,11.5,40413.0,600198
259,2012-05-08,11.66,12.19,12.28,11.53,107464.0,600198
260,2012-05-09,12.0,12.27,12.38,11.76,96694.0,600198
261,2012-05-10,12.28,11.96,12.77,11.88,111293.0,600198
262,2012-05-11,11.8,11.7,11.96,11.61,57353.0,600198
263,2012-05-14,11.85,11.57,11.95,11.54,44975.0,600198
264,2012-05-15,11.49,11.66,11.73,11.41,35103.0,600198
265,2012-05-16,11.71,11.14,11.71,11.0,46549.0,600198
266,2012-05-17,11.2,11.3,11.35,11.09,25267.0,600198
267,2012-05-18,11.3,11.22,11.48,11.08,30438.0,600198
268,2012-05-21,11.28,11.43,11.63,11.23,32457.0,600198
269,2012-05-22,11.5,11.47,11.55,11.32,23055.0,600198
270,2012-05-23,11.66,11.82,12.41,11.65,85624.0,600198
271,2012-05-24,11.55,12.29,12.48,11.55,126066.0,600198
272,2012-05-25,12.25,11.79,12.3,11.75,73225.0,600198
273,2012-05-28,11.71,11.49,11.73,10.99,70455.0,600198
274,2012-05-29,11.6,11.63,11.76,11.38,47714.0,600198
275,2012-05-30,11.52,11.56,11.68,11.51,29511.0,600198
276,2012-05-31,11.54,11.65,11.88,11.47,36675.0,600198
277,2012-06-01,11.62,11.52,11.88,11.5,26247.0,600198
278,2012-06-04,11.17,11.14,11.43,11.1,41243.0,600198
279,2012-06-05,11.25,11.17,11.28,11.08,17637.0,600198
280,2012-06-06,11.2,11.2,11.35,11.13,22940.0,600198
281,2012-06-07,11.44,11.22,11.65,11.15,43049.0,600198
282,2012-06-08,11.34,11.18,11.37,11.12,23389.0,600198
283,2012-06-11,11.29,11.29,11.33,11.1,20008.0,600198
284,2012-06-12,11.25,11.21,11.27,11.18,10634.0,600198
285,2012-06-13,11.21,11.45,11.49,11.18,25642.0,600198
286,2012-06-14,11.4,11.51,11.65,11.33,35228.0,600198
287,2012-06-15,11.56,11.26,11.56,11.15,23019.0,600198
288,2012-06-18,11.4,11.33,11.44,11.29,16873.0,600198
289,2012-06-19,11.35,11.76,11.78,11.35,76603.0,600198
290,2012-06-20,11.71,11.76,11.78,11.54,47834.0,600198
291,2012-06-21,12.0,11.92,12.45,11.73,117896.0,600198
292,2012-06-26,11.21,10.73,11.21,10.73,83612.0,600198
293,2012-06-27,10.48,10.08,10.49,10.05,62266.0,600198
294,2012-06-28,10.08,10.02,10.37,10.0,28198.0,600198
295,2012-06-29,9.93,10.07,10.13,9.82,24592.0,600198
296,2012-07-02,10.16,10.09,10.24,10.08,20005.0,600198
297,2012-07-03,10.05,10.04,10.2,9.98,21411.0,600198
298,2012-07-04,10.11,10.07,10.18,10.0,16683.0,600198
299,2012-07-05,10.07,9.37,10.07,9.36,31783.0,600198
300,2012-07-06,9.55,9.58,9.59,9.2,23018.0,600198
301,2012-07-09,9.48,9.01,9.56,9.0,31913.0,600198
302,2012-07-10,8.99,8.99,9.04,8.85,16504.0,600198
303,2012-07-11,8.99,9.07,9.14,8.96,13251.0,600198
304,2012-07-12,9.07,9.26,9.32,9.01,23224.0,600198
305,2012-07-13,9.24,9.19,9.28,9.16,12906.0,600198
306,2012-07-16,9.19,8.81,9.22,8.76,24713.0,600198
307,2012-07-17,8.76,8.92,8.96,8.74,13608.0,600198
308,2012-07-18,8.99,8.95,8.99,8.71,16400.0,600198
309,2012-07-19,8.84,9.26,9.46,8.84,34108.0,600198
310,2012-07-20,9.26,9.34,9.59,9.19,41433.0,600198
311,2012-07-23,9.2,9.09,9.25,9.02,20786.0,600198
312,2012-07-24,8.95,9.08,9.26,8.89,18627.0,600198
313,2012-07-25,9.08,9.02,9.22,9.01,13221.0,600198
314,2012-07-26,9.14,8.92,9.14,8.9,13316.0,600198
315,2012-07-27,8.98,9.02,9.17,8.98,14895.0,600198
316,2012-07-30,9.02,8.82,9.12,8.78,11483.0,600198
317,2012-07-31,8.8,8.41,8.85,8.4,19699.0,600198
318,2012-08-01,8.49,8.52,8.65,8.45,14781.0,600198
319,2012-08-02,8.58,8.55,8.74,8.5,15388.0,600198
320,2012-08-03,8.59,8.8,8.9,8.5,18974.0,600198
321,2012-08-06,8.72,9.12,9.2,8.72,28452.0,600198
322,2012-08-07,9.03,9.12,9.2,9.03,18955.0,600198
323,2012-08-08,9.18,9.12,9.18,9.04,14759.0,600198
324,2012-08-09,9.1,9.24,9.25,9.08,19125.0,600198
325,2012-08-10,9.38,9.24,9.48,9.24,25206.0,600198
326,2012-08-13,9.15,8.95,9.19,8.94,15453.0,600198
327,2012-08-14,9.18,9.35,9.47,9.18,36807.0,600198
328,2012-08-15,9.35,9.13,9.42,9.08,25550.0,600198
329,2012-08-16,9.05,9.06,9.14,9.01,14047.0,600198
330,2012-08-17,9.01,8.84,9.08,8.73,24025.0,600198
331,2012-08-20,8.79,8.82,8.89,8.71,12393.0,600198
332,2012-08-21,8.98,9.11,9.21,8.97,31650.0,600198
333,2012-08-22,9.09,9.07,9.15,9.01,27561.0,600198
334,2012-08-23,9.07,9.08,9.15,8.92,22280.0,600198
335,2012-08-24,9.1,8.72,9.16,8.72,24320.0,600198
336,2012-08-27,8.58,8.55,8.77,8.5,18550.0,600198
337,2012-08-28,8.51,8.65,8.73,8.51,12179.0,600198
338,2012-08-29,8.59,8.65,8.78,8.5,14430.0,600198
339,2012-08-30,8.57,8.65,8.89,8.5,22009.0,600198
340,2012-08-31,8.6,8.6,8.71,8.51,14680.0,600198
341,2012-09-03,8.62,8.72,8.77,8.56,16253.0,600198
342,2012-09-04,8.78,8.79,8.95,8.7,32617.0,600198
343,2012-09-13,9.67,9.67,9.67,9.67,4820.0,600198
344,2012-09-14,10.62,10.28,10.62,10.03,197240.0,600198
345,2012-09-17,9.91,9.5,10.03,9.36,96150.0,600198
346,2012-09-18,9.5,9.36,9.65,9.18,47398.0,600198
347,2012-09-19,9.4,9.52,9.69,9.35,56606.0,600198
348,2012-09-20,9.42,9.03,9.42,8.95,51207.0,600198
349,2012-09-21,8.86,8.78,9.05,8.76,30737.0,600198
350,2012-09-24,8.7,8.83,8.95,8.69,23012.0,600198
351,2012-09-25,8.8,8.7,8.84,8.65,20374.0,600198
352,2012-09-26,8.73,8.83,9.09,8.73,42655.0,600198
353,2012-09-27,8.69,8.94,9.03,8.69,47799.0,600198
354,2012-09-28,8.99,9.19,9.24,8.98,48662.0,600198
355,2012-10-08,9.21,9.07,9.27,8.99,29624.0,600198
356,2012-10-09,9.05,9.31,9.35,9.02,39305.0,600198
357,2012-10-10,9.3,9.38,9.4,9.24,29806.0,600198
358,2012-10-11,9.31,9.09,9.32,9.08,33279.0,600198
359,2012-10-12,9.12,8.86,9.22,8.82,33229.0,600198
360,2012-10-15,8.86,8.69,8.91,8.6,28769.0,600198
361,2012-10-16,8.68,8.69,8.86,8.68,18968.0,600198
362,2012-10-17,8.76,8.69,8.8,8.6,19544.0,600198
363,2012-10-18,8.74,8.88,8.9,8.7,27607.0,600198
364,2012-10-19,8.88,8.93,8.94,8.8,24048.0,600198
365,2012-10-22,8.85,8.9,8.92,8.71,18024.0,600198
366,2012-10-23,8.9,8.83,9.1,8.82,27563.0,600198
367,2012-10-24,8.79,8.73,8.88,8.7,19560.0,600198
368,2012-10-25,8.76,8.79,8.86,8.73,19359.0,600198
369,2012-10-26,8.77,8.39,8.77,8.3,43269.0,600198
370,2012-10-29,8.39,8.37,8.48,8.32,10784.0,600198
371,2012-10-30,8.37,8.31,8.46,8.31,15124.0,600198
372,2012-10-31,8.31,8.19,8.36,8.08,22787.0,600198
373,2012-11-01,8.2,8.3,8.35,8.19,22420.0,600198
374,2012-11-02,8.35,8.43,8.5,8.27,35973.0,600198
375,2012-11-05,8.46,8.41,8.47,8.35,16756.0,600198
376,2012-11-06,8.45,8.28,8.45,8.17,15599.0,600198
377,2012-11-07,8.36,8.28,8.36,8.26,9140.0,600198
378,2012-11-08,8.21,8.08,8.23,8.02,21277.0,600198
379,2012-11-09,8.12,8.01,8.12,8.0,15695.0,600198
380,2012-11-12,8.04,8.11,8.15,8.04,8750.0,600198
381,2012-11-13,8.16,8.03,8.16,8.01,11049.0,600198
382,2012-11-14,8.03,7.92,8.05,7.83,15514.0,600198
383,2012-11-15,7.85,7.66,7.9,7.66,13580.0,600198
384,2012-11-16,7.56,7.61,7.66,7.4,15488.0,600198
385,2012-11-19,7.63,7.72,7.77,7.58,13477.0,600198
386,2012-11-20,7.72,7.65,7.8,7.65,10833.0,600198
387,2012-11-21,7.68,7.75,7.77,7.55,9814.0,600198
388,2012-11-22,7.78,7.69,7.84,7.68,9760.0,600198
389,2012-11-23,7.72,7.77,7.8,7.65,8566.0,600198
390,2012-11-26,7.81,7.58,7.82,7.56,6696.0,600198
391,2012-11-27,7.58,7.28,7.6,7.27,15713.0,600198
392,2012-11-28,7.22,7.05,7.28,7.04,12618.0,600198
393,2012-11-29,7.08,6.99,7.12,6.98,12807.0,600198
394,2012-11-30,6.99,7.04,7.12,6.94,11547.0,600198
395,2012-12-03,7.28,6.85,7.28,6.83,12550.0,600198
396,2012-12-04,6.78,6.97,7.03,6.71,13644.0,600198
397,2012-12-05,6.99,7.24,7.31,6.93,24046.0,600198
398,2012-12-06,7.3,7.25,7.51,7.24,21937.0,600198
399,2012-12-07,7.26,7.46,7.47,7.21,26365.0,600198
400,2012-12-10,7.44,7.54,7.58,7.4,26072.0,600198
401,2012-12-11,7.49,7.52,7.58,7.4,21337.0,600198
402,2012-12-12,7.53,7.52,7.59,7.4,18056.0,600198
403,2012-12-13,7.5,7.3,7.51,7.25,18615.0,600198
404,2012-12-14,7.32,7.6,7.64,7.3,29154.0,600198
405,2012-12-17,7.65,7.74,7.78,7.53,37348.0,600198
406,2012-12-18,7.7,7.75,7.81,7.65,29986.0,600198
407,2012-12-19,7.74,7.84,8.03,7.63,44672.0,600198
408,2012-12-20,7.8,7.74,7.83,7.64,39580.0,600198
409,2012-12-21,7.74,7.66,7.82,7.63,22493.0,600198
410,2012-12-24,7.64,7.68,7.73,7.6,22818.0,600198
411,2012-12-25,7.66,7.84,7.93,7.58,38034.0,600198
412,2012-12-26,7.86,7.95,7.97,7.81,40033.0,600198
413,2012-12-27,7.93,8.05,8.21,7.85,68334.0,600198
414,2012-12-28,8.07,8.1,8.14,8.0,29341.0,600198
415,2012-12-31,8.1,8.13,8.21,8.09,31489.0,600198
416,2013-01-04,8.16,8.0,8.22,7.92,30516.0,600198
417,2013-01-07,8.0,8.08,8.09,7.89,22453.0,600198
418,2013-01-08,8.07,8.23,8.33,7.99,43734.0,600198
419,2013-01-09,8.19,8.28,8.48,8.18,58032.0,600198
420,2013-01-10,8.31,8.6,8.65,8.26,92248.0,600198
421,2013-01-11,8.6,8.36,8.73,8.32,67718.0,600198
422,2013-01-14,8.33,8.49,8.53,8.21,87109.0,600198
423,2013-01-15,8.46,8.68,8.75,8.46,81003.0,600198
424,2013-01-16,8.67,8.76,8.83,8.52,74347.0,600198
425,2013-01-17,8.73,8.46,8.73,8.45,54764.0,600198
426,2013-01-18,8.48,8.61,8.65,8.4,41190.0,600198
427,2013-01-21,8.61,8.75,8.94,8.57,64403.0,600198
428,2013-01-22,8.7,8.74,8.93,8.46,81323.0,600198
429,2013-01-23,8.72,9.1,9.15,8.51,124705.0,600198
430,2013-01-24,8.97,8.9,9.35,8.86,134205.0,600198
431,2013-01-25,8.85,9.01,9.09,8.72,57284.0,600198
432,2013-01-28,9.06,9.3,9.31,8.99,73708.0,600198
433,2013-01-29,9.7,10.23,10.23,9.53,100296.0,600198
434,2013-01-30,10.58,9.97,10.67,9.89,256654.0,600198
435,2013-01-31,9.78,10.0,10.4,9.78,101718.0,600198
436,2013-02-01,9.81,9.81,9.86,9.6,88739.0,600198
437,2013-02-04,9.9,9.58,9.91,9.5,62109.0,600198
438,2013-02-05,9.47,9.51,9.54,9.32,49286.0,600198
439,2013-02-06,9.62,9.43,9.74,9.42,45027.0,600198
440,2013-02-07,9.43,9.49,9.56,9.36,35168.0,600198
441,2013-02-08,9.54,9.75,9.76,9.49,48942.0,600198
442,2013-02-18,10.02,9.82,10.18,9.79,61480.0,600198
443,2013-02-19,9.83,9.46,9.9,9.43,40014.0,600198
444,2013-02-20,9.46,9.94,9.95,9.39,51720.0,600198
445,2013-02-21,9.9,9.96,10.12,9.78,122264.0,600198
446,2013-02-22,10.0,10.02,10.17,9.73,88773.0,600198
447,2013-02-25,10.03,10.07,10.14,9.92,45052.0,600198
448,2013-02-26,10.0,9.71,10.1,9.65,64217.0,600198
449,2013-02-27,9.75,9.61,9.82,9.45,49485.0,600198
450,2013-02-28,9.65,9.92,9.99,9.53,54417.0,600198
451,2013-03-01,9.92,10.1,10.18,9.83,63464.0,600198
452,2013-03-04,10.08,11.11,11.11,9.92,202985.0,600198
453,2013-03-05,11.11,11.13,11.2,10.74,237192.0,600198
454,2013-03-06,10.98,11.2,11.75,10.9,213402.0,600198
455,2013-03-07,11.3,10.78,11.35,10.6,122271.0,600198
456,2013-03-08,10.87,10.6,11.04,10.58,61824.0,600198
457,2013-03-11,10.63,10.62,10.83,10.52,47966.0,600198
458,2013-03-12,10.59,10.26,10.74,10.05,74699.0,600198
459,2013-03-13,10.24,10.2,10.24,9.97,42233.0,600198
460,2013-03-14,10.19,10.3,10.33,10.12,42521.0,600198
461,2013-03-15,10.35,10.43,10.72,10.31,82435.0,600198
462,2013-03-18,10.45,10.74,11.1,10.37,103103.0,600198
463,2013-03-19,10.69,10.82,10.96,10.6,68861.0,600198
464,2013-03-20,10.71,10.98,10.99,10.6,81446.0,600198
465,2013-03-21,10.9,11.17,11.39,10.9,103566.0,600198
466,2013-06-27,12.29,12.29,12.29,12.29,59794.0,600198
467,2013-06-28,12.8,12.96,13.5,11.8,499427.0,600198
468,2013-07-01,12.3,13.11,13.38,12.18,311063.0,600198
469,2013-07-02,12.8,12.74,13.16,12.59,257415.0,600198
470,2013-07-03,12.46,14.01,14.01,12.0,395195.0,600198
471,2013-07-04,13.85,13.88,14.49,13.42,406488.0,600198
472,2013-07-05,13.53,13.29,14.29,13.26,283256.0,600198
473,2013-07-08,12.9,12.16,13.01,12.02,192073.0,600198
474,2013-07-09,12.17,12.4,12.59,11.89,156500.0,600198
475,2013-07-10,12.09,12.54,12.89,12.09,187299.0,600198
476,2013-07-11,12.3,12.63,12.76,12.0,175290.0,600198
477,2013-07-12,12.48,12.81,13.46,12.44,239705.0,600198
478,2013-07-15,13.18,13.42,13.59,12.9,224876.0,600198
479,2013-07-16,13.45,13.34,13.58,13.0,173036.0,600198
480,2013-07-17,13.36,13.92,14.03,13.22,278970.0,600198
481,2013-07-18,13.94,14.03,14.37,13.47,264834.0,600198
482,2013-07-19,14.04,13.84,14.73,13.29,317926.0,600198
483,2013-07-22,13.5,14.1,14.22,13.45,186843.0,600198
484,2013-07-23,14.31,14.01,14.38,13.7,190539.0,600198
485,2013-07-24,14.14,14.18,14.69,13.91,216142.0,600198
486,2013-07-25,14.03,12.96,14.25,12.93,231188.0,600198
487,2013-07-26,12.98,13.15,13.26,12.7,141402.0,600198
488,2013-07-29,13.06,12.5,13.06,12.31,121519.0,600198
489,2013-07-30,12.53,11.91,12.64,11.51,118431.0,600198
490,2013-07-31,11.99,12.14,12.27,11.87,77451.0,600198
491,2013-08-01,12.07,12.53,12.57,11.94,100718.0,600198
492,2013-08-02,12.56,12.41,12.83,12.33,104194.0,600198
493,2013-08-05,12.29,12.31,12.47,11.98,94956.0,600198
494,2013-08-06,12.38,12.77,12.84,12.32,141198.0,600198
495,2013-08-07,12.88,12.85,13.36,12.7,149400.0,600198
496,2013-08-08,12.65,12.64,12.88,12.4,82280.0,600198
497,2013-08-09,12.65,12.25,12.78,12.14,97479.0,600198
498,2013-08-12,12.25,12.29,12.34,12.08,88039.0,600198
499,2013-08-13,12.25,12.3,12.49,12.16,75016.0,600198
500,2013-08-14,12.37,12.53,12.67,12.21,111956.0,600198
501,2013-08-15,12.7,12.55,12.75,12.5,102519.0,600198
502,2013-08-16,12.5,11.98,12.59,11.95,99722.0,600198
503,2013-08-19,11.96,12.41,12.47,11.85,82345.0,600198
504,2013-08-20,12.45,12.62,12.75,12.32,101844.0,600198
505,2013-08-21,12.65,12.43,12.7,12.32,80562.0,600198
506,2013-08-22,12.6,13.26,13.56,12.53,288730.0,600198
507,2013-08-23,13.09,12.9,13.18,12.57,194157.0,600198
508,2013-08-26,12.9,13.2,13.27,12.75,134087.0,600198
509,2013-08-27,13.1,13.38,13.45,12.79,183432.0,600198
510,2013-08-28,13.15,12.89,13.41,12.88,147885.0,600198
511,2013-08-29,13.01,13.87,13.99,12.82,316882.0,600198
512,2013-08-30,13.6,12.83,13.72,12.55,270865.0,600198
513,2013-09-02,12.57,12.71,12.92,12.25,104965.0,600198
514,2013-09-03,12.63,13.35,13.46,12.51,184822.0,600198
515,2013-09-04,13.23,13.74,14.1,13.17,238896.0,600198
516,2013-09-05,13.66,14.53,14.97,13.51,324832.0,600198
517,2013-09-06,14.5,14.4,14.7,14.05,195472.0,600198
518,2013-09-09,14.8,14.35,14.81,14.17,140860.0,600198
519,2013-09-10,14.42,14.02,14.57,13.75,162468.0,600198
520,2013-09-11,13.88,13.51,13.9,13.25,123791.0,600198
521,2013-09-12,13.54,13.64,13.86,13.5,81853.0,600198
522,2013-09-13,13.53,13.71,13.86,13.16,82997.0,600198
523,2013-09-16,13.61,14.09,14.26,13.5,118091.0,600198
524,2013-09-17,14.1,13.66,14.3,13.62,80011.0,600198
525,2013-09-18,13.52,14.08,14.2,13.3,92157.0,600198
526,2013-09-23,14.01,14.66,14.86,14.01,176022.0,600198
527,2013-09-24,14.82,14.38,14.95,14.22,174673.0,600198
528,2013-09-25,14.29,15.54,15.82,14.14,399203.0,600198
529,2013-09-26,15.33,15.19,15.86,15.15,247126.0,600198
530,2013-09-27,15.1,14.86,15.95,14.81,170230.0,600198
531,2013-09-30,14.71,15.4,15.73,14.68,153893.0,600198
532,2013-10-08,15.45,16.4,16.5,15.16,263848.0,600198
533,2013-10-09,16.1,16.14,16.28,15.8,203855.0,600198
534,2013-10-10,16.28,16.23,16.76,15.92,212243.0,600198
535,2013-10-11,16.15,16.12,16.29,15.76,144503.0,600198
536,2013-10-14,16.1,16.39,16.75,15.98,143564.0,600198
537,2013-10-15,16.39,15.7,16.4,15.68,125796.0,600198
538,2013-10-16,15.64,14.59,15.64,14.2,146424.0,600198
539,2013-10-17,14.65,14.25,14.9,14.2,78568.0,600198
540,2013-10-18,14.26,14.7,14.76,14.26,63191.0,600198
541,2013-10-21,14.75,15.31,15.37,14.7,82453.0,600198
542,2013-10-22,15.33,14.75,15.4,14.67,81453.0,600198
543,2013-10-23,14.8,14.18,14.83,13.9,64291.0,600198
544,2013-10-24,14.18,14.36,14.4,13.97,42070.0,600198
545,2013-10-25,14.34,13.89,14.47,13.81,46171.0,600198
546,2013-10-28,13.6,12.74,13.67,12.5,110112.0,600198
547,2013-10-29,12.75,11.92,12.83,11.5,113776.0,600198
548,2013-10-30,11.86,11.85,11.93,11.57,92762.0,600198
549,2013-10-31,11.76,11.19,11.76,11.14,98780.0,600198
550,2013-11-01,11.23,10.92,11.37,10.76,133273.0,600198
551,2013-11-04,10.97,11.14,11.4,10.93,164460.0,600198
552,2013-11-05,11.05,11.48,11.5,10.91,88585.0,600198
553,2013-11-06,12.3,12.26,12.6,11.81,224822.0,600198
554,2013-11-07,12.07,11.79,12.16,11.65,81083.0,600198
555,2013-11-08,11.8,11.43,11.8,11.27,60925.0,600198
556,2013-11-11,11.41,11.52,11.54,11.07,37172.0,600198
557,2013-11-12,11.52,11.88,11.94,11.5,55174.0,600198
558,2013-11-13,11.92,11.56,12.06,11.55,52017.0,600198
559,2013-11-14,11.71,11.91,11.95,11.58,59007.0,600198
560,2013-11-15,12.02,12.18,12.38,12.02,99129.0,600198
561,2013-11-18,12.19,12.63,12.73,12.13,105191.0,600198
562,2013-11-19,12.65,12.55,12.79,12.35,79723.0,600198
563,2013-11-20,12.92,13.81,13.81,12.88,219216.0,600198
564,2013-11-21,14.0,15.19,15.19,14.0,306445.0,600198
565,2013-11-22,15.8,15.07,15.8,14.51,358229.0,600198
566,2013-11-25,14.97,14.89,15.17,14.61,202574.0,600198
567,2013-11-26,14.89,14.92,15.11,14.61,174456.0,600198
568,2013-11-27,15.03,15.01,15.45,14.74,222003.0,600198
569,2013-11-28,15.36,14.65,15.52,14.6,215144.0,600198
570,2013-11-29,14.65,14.9,15.0,14.2,196607.0,600198
571,2013-12-02,14.12,13.41,14.61,13.41,178078.0,600198
572,2013-12-03,13.18,14.75,14.75,13.08,181759.0,600198
573,2013-12-04,15.05,15.83,16.2,15.03,420641.0,600198
574,2013-12-05,15.75,14.77,15.75,14.76,304370.0,600198
575,2013-12-06,14.55,14.35,14.66,14.01,143573.0,600198
576,2013-12-09,14.35,14.38,14.73,14.3,87539.0,600198
577,2013-12-10,14.37,14.18,14.65,14.12,85094.0,600198
578,2013-12-11,14.09,13.74,14.11,13.59,94514.0,600198
579,2013-12-12,13.79,14.45,14.79,13.76,150525.0,600198
580,2013-12-13,14.23,14.13,14.26,13.91,80868.0,600198
581,2013-12-16,14.07,14.03,14.44,14.01,75536.0,600198
582,2013-12-17,14.09,13.65,14.15,13.43,75139.0,600198
583,2013-12-18,13.6,13.17,13.78,13.1,90219.0,600198
584,2013-12-19,13.3,13.26,13.55,13.2,49022.0,600198
585,2013-12-20,13.19,12.76,13.26,12.64,78640.0,600198
586,2013-12-23,12.83,12.78,12.9,12.4,49418.0,600198
587,2013-12-24,12.8,13.44,13.85,12.78,113409.0,600198
588,2013-12-25,13.4,13.61,13.75,13.16,69017.0,600198
589,2013-12-26,13.6,13.0,13.61,12.98,67374.0,600198
590,2013-12-27,13.08,13.26,13.43,13.02,47766.0,600198
591,2013-12-30,13.28,13.48,13.63,13.28,50539.0,600198
592,2013-12-31,13.37,13.28,13.54,13.16,38243.0,600198
593,2014-01-02,13.06,13.47,13.51,13.03,45750.0,600198
594,2014-01-03,13.46,13.68,13.92,13.32,105359.0,600198
595,2014-01-06,13.53,12.97,13.68,12.9,68834.0,600198
596,2014-01-07,12.97,13.16,13.2,12.76,48481.0,600198
597,2014-01-08,13.22,13.5,13.56,13.08,63579.0,600198
598,2014-01-09,13.51,13.83,14.2,13.42,152715.0,600198
599,2014-01-10,13.6,13.48,13.9,13.45,61846.0,600198
600,2014-01-13,13.38,13.84,13.96,13.24,74929.0,600198
601,2014-01-14,13.88,14.3,14.37,13.8,110700.0,600198
602,2014-01-15,14.3,14.35,14.44,14.11,87148.0,600198
603,2014-01-16,14.35,13.94,14.53,13.9,72869.0,600198
604,2014-01-17,13.94,14.01,14.26,13.94,53219.0,600198
605,2014-01-20,14.0,14.33,14.49,13.88,77688.0,600198
606,2014-01-21,14.29,14.37,14.68,14.23,89538.0,600198
607,2014-01-22,14.37,15.36,15.7,14.35,215530.0,600198
608,2014-01-23,15.15,15.39,15.7,15.05,145989.0,600198
609,2014-01-24,15.38,16.07,16.31,15.21,234300.0,600198
610,2014-01-27,15.92,15.74,16.85,15.68,193650.0,600198
611,2014-01-28,15.78,17.18,17.22,15.78,235015.0,600198
612,2014-01-29,17.15,16.95,17.17,16.4,159633.0,600198
613,2014-01-30,16.77,16.85,17.61,16.35,159187.0,600198
614,2014-02-07,16.71,17.33,17.59,16.56,105662.0,600198
615,2014-02-10,17.68,17.91,18.2,17.3,159581.0,600198
616,2014-02-11,17.74,17.58,18.1,16.6,204899.0,600198
617,2014-02-12,17.56,18.3,18.69,17.12,198466.0,600198
618,2014-02-13,18.05,18.31,19.09,18.01,153660.0,600198
619,2014-02-14,18.05,18.07,18.88,17.9,108218.0,600198
620,2014-02-17,18.1,19.88,19.88,18.05,226172.0,600198
621,2014-02-18,19.98,20.08,21.0,19.61,250185.0,600198
622,2014-02-19,20.15,20.26,20.99,19.7,176599.0,600198
623,2014-02-27,20.0,18.81,21.37,18.4,218933.0,600198
624,2014-02-28,19.9,19.78,20.1,18.41,194227.0,600198
625,2014-03-03,19.04,19.39,19.97,18.6,124164.0,600198
626,2014-03-04,19.2,20.77,21.33,18.98,215805.0,600198
627,2014-03-05,20.55,19.89,20.8,19.72,110310.0,600198
628,2014-03-06,19.51,19.1,19.97,18.93,89265.0,600198
629,2014-03-07,19.19,18.54,19.44,18.43,83176.0,600198
630,2014-03-10,18.4,17.05,18.4,16.73,130185.0,600198
631,2014-03-11,17.24,16.55,17.24,16.25,128387.0,600198
632,2014-03-12,16.7,17.04,17.37,16.58,89745.0,600198
633,2014-03-13,17.12,17.52,17.68,16.81,75644.0,600198
634,2014-03-14,17.29,17.55,18.22,17.25,74273.0,600198
635,2014-03-18,17.8,17.85,18.71,17.58,115764.0,600198
636,2014-03-19,17.85,17.3,17.94,17.22,52068.0,600198
637,2014-03-20,17.21,16.19,17.46,15.9,116344.0,600198
638,2014-03-21,16.0,16.39,16.48,15.5,89994.0,600198
639,2014-03-24,16.3,16.3,16.6,16.08,60128.0,600198
640,2014-03-25,16.19,16.94,17.02,16.1,68134.0,600198
641,2014-03-26,16.92,17.0,17.16,16.72,42611.0,600198
642,2014-03-27,16.9,16.56,17.35,16.44,44680.0,600198
643,2014-03-28,16.64,15.13,16.64,14.9,85818.0,600198
644,2014-03-31,15.41,15.6,15.75,15.22,44731.0,600198
645,2014-04-01,15.61,16.01,16.14,15.61,48647.0,600198
646,2014-04-02,16.03,15.88,16.27,15.58,42470.0,600198
647,2014-04-03,15.98,16.07,16.25,15.73,43180.0,600198
648,2014-04-04,16.04,15.96,16.07,15.58,49561.0,600198
649,2014-04-08,15.75,16.01,16.14,15.45,44397.0,600198
650,2014-04-09,16.01,16.2,16.36,15.92,54542.0,600198
651,2014-04-10,16.2,16.24,16.75,16.04,78078.0,600198
652,2014-04-11,16.24,16.15,16.47,16.0,41345.0,600198
653,2014-04-14,16.3,16.04,16.33,15.75,55811.0,600198
654,2014-04-15,15.99,16.12,16.26,15.81,50124.0,600198
655,2014-04-16,16.0,16.46,16.67,15.61,96296.0,600198
656,2014-04-17,16.39,16.47,16.55,16.31,35387.0,600198
657,2014-04-18,16.39,17.22,17.5,16.28,129454.0,600198
658,2014-04-21,17.0,17.07,17.38,16.9,69933.0,600198
659,2014-04-22,16.97,17.35,17.58,16.59,133523.0,600198
660,2014-04-23,17.26,17.0,17.59,16.9,81835.0,600198
661,2014-04-24,17.12,15.96,17.15,15.84,107131.0,600198
662,2014-04-25,15.89,14.6,15.89,14.44,134458.0,600198
663,2014-04-28,14.5,14.61,14.71,13.88,59423.0,600198
664,2014-04-29,14.55,14.65,14.73,14.15,51792.0,600198
665,2014-04-30,14.66,14.24,14.74,14.07,72962.0,600198
666,2014-05-05,14.28,14.49,14.5,14.27,39806.0,600198
667,2014-05-06,14.45,14.68,14.8,14.4,47886.0,600198
668,2014-05-07,14.73,14.1,14.73,14.08,45741.0,600198
669,2014-05-08,14.0,14.1,14.43,13.88,38315.0,600198
670,2014-05-09,14.11,13.56,14.17,13.48,55347.0,600198
671,2014-05-12,13.62,13.82,13.83,13.37,72847.0,600198
672,2014-05-13,13.84,14.01,14.23,13.71,65824.0,600198
673,2014-05-14,14.05,13.95,14.09,13.78,37343.0,600198
674,2014-05-15,13.93,13.28,13.93,13.26,52687.0,600198
675,2014-05-16,13.27,13.11,13.5,12.85,60326.0,600198
676,2014-05-19,13.09,13.4,13.6,12.67,69531.0,600198
677,2014-05-20,13.5,13.4,13.77,13.31,53674.0,600198
678,2014-05-21,13.4,14.08,14.12,13.09,98496.0,600198
679,2014-05-22,14.01,14.01,14.22,13.92,58322.0,600198
680,2014-05-23,14.03,14.56,14.66,14.0,85164.0,600198
681,2014-05-26,14.51,14.73,14.8,14.51,70530.0,600198
682,2014-05-27,14.75,14.26,14.77,14.25,70409.0,600198
683,2014-05-28,14.27,15.2,15.28,14.27,120539.0,600198
684,2014-05-29,15.45,14.92,15.5,14.79,87354.0,600198
685,2014-05-30,14.89,15.14,15.24,14.81,62428.0,600198
686,2014-06-03,15.0,14.94,15.22,14.7,69039.0,600198
687,2014-06-04,14.87,15.16,15.43,14.71,100114.0,600198
688,2014-06-05,15.03,15.16,15.18,14.68,74239.0,600198
689,2014-06-06,15.2,14.78,15.32,14.67,76219.0,600198
690,2014-06-09,14.69,14.74,14.98,14.6,40649.0,600198
691,2014-06-10,14.76,15.08,15.25,14.68,68094.0,600198
692,2014-06-11,15.06,15.09,15.38,14.94,52273.0,600198
693,2014-06-12,15.1,15.59,15.67,15.01,98826.0,600198
694,2014-06-13,15.55,15.53,15.7,15.35,87276.0,600198
695,2014-06-16,15.55,15.95,16.19,15.48,112060.0,600198
696,2014-06-17,15.85,15.57,15.9,15.51,65408.0,600198
697,2014-06-18,15.57,15.27,15.69,14.94,74462.0,600198
698,2014-06-19,15.19,14.19,15.28,13.74,82053.0,600198
699,2014-06-20,14.15,14.18,14.38,13.78,66536.0,600198
700,2014-06-23,14.33,14.32,14.54,14.22,48053.0,600198
701,2014-06-24,14.28,14.65,14.67,14.26,54241.0,600198
702,2014-06-25,14.9,14.71,15.18,14.53,89796.0,600198
703,2014-06-26,14.62,14.87,14.95,14.56,63859.0,600198
704,2014-06-27,14.9,14.95,15.0,14.72,53296.0,600198
705,2014-06-30,14.99,14.9,15.05,14.7,65875.0,600198
706,2014-07-01,14.9,14.8,14.96,14.72,57400.0,600198
707,2014-07-02,14.8,14.92,14.95,14.6,72490.0,600198
708,2014-07-03,14.93,15.24,15.35,14.81,97978.0,600198
709,2014-07-04,15.25,15.1,15.26,15.08,61317.0,600198
710,2014-07-07,15.18,15.3,15.51,15.02,81337.0,600198
711,2014-07-08,15.33,15.18,15.37,15.08,51979.0,600198
712,2014-07-09,15.28,14.59,15.28,14.53,90545.0,600198
713,2014-07-10,14.52,14.16,14.55,14.09,84749.0,600198
714,2014-07-11,14.1,14.21,14.4,14.1,51560.0,600198
715,2014-07-14,14.21,14.16,14.35,13.89,73020.0,600198
716,2014-07-15,14.24,13.81,14.24,13.67,89697.0,600198
717,2014-07-16,13.72,13.89,13.95,13.65,53203.0,600198
718,2014-07-17,13.88,13.89,13.95,13.72,39152.0,600198
719,2014-07-18,13.76,13.9,14.0,13.75,28687.0,600198
720,2014-07-21,13.9,13.83,13.95,13.76,22926.0,600198
721,2014-07-22,13.8,13.99,14.1,13.71,46591.0,600198
722,2014-07-23,14.0,13.76,14.08,13.68,46849.0,600198
723,2014-07-24,13.77,13.56,13.87,13.49,62232.0,600198
724,2014-07-25,13.55,13.63,13.65,13.43,46638.0,600198
725,2014-07-28,13.7,13.9,13.99,13.62,69207.0,600198
726,2014-07-29,13.95,14.06,14.13,13.92,68105.0,600198
727,2014-07-30,14.03,14.1,14.12,13.89,61662.0,600198
728,2014-07-31,14.13,14.33,14.4,14.03,86151.0,600198
729,2014-08-01,14.23,14.09,14.38,14.06,67168.0,600198
730,2014-08-04,14.09,14.17,14.28,14.07,59248.0,600198
731,2014-08-05,14.17,14.51,14.63,14.09,124126.0,600198
732,2014-08-06,14.5,14.85,14.86,14.31,117237.0,600198
733,2014-08-07,14.8,14.58,15.06,14.5,153238.0,600198
734,2014-08-08,14.56,14.55,14.76,14.47,63204.0,600198
735,2014-08-11,14.61,14.64,14.68,14.47,93729.0,600198
736,2014-08-12,14.62,14.77,14.84,14.53,73082.0,600198
737,2014-08-13,14.75,14.49,14.75,14.27,99471.0,600198
738,2014-08-14,14.43,14.33,14.61,14.3,80081.0,600198
739,2014-08-15,14.35,14.69,14.75,14.33,87524.0,600198
740,2014-08-18,14.83,15.23,15.37,14.83,222522.0,600198
741,2014-08-19,15.3,15.26,15.53,15.12,185854.0,600198
742,2014-08-20,15.16,15.28,15.42,15.15,125694.0,600198
743,2014-08-21,15.35,15.86,15.98,15.3,251032.0,600198
744,2014-08-22,15.83,16.74,17.26,15.68,301064.0,600198
745,2014-08-25,16.39,16.07,16.85,16.0,211922.0,600198
746,2014-08-26,16.0,15.94,16.47,15.93,147310.0,600198
747,2014-08-27,15.88,16.4,16.72,15.7,169507.0,600198
748,2014-08-28,16.39,16.17,16.53,16.01,88452.0,600198
749,2014-08-29,16.09,16.26,16.37,15.94,115047.0,600198
750,2014-09-01,16.16,16.29,16.37,16.07,108127.0,600198
751,2014-09-02,16.31,16.44,16.69,16.27,151949.0,600198
752,2014-09-03,16.54,16.65,16.82,16.26,193165.0,600198
753,2014-09-04,16.6,16.68,16.95,16.32,168837.0,600198
754,2014-09-05,16.6,16.37,16.89,16.15,198284.0,600198
755,2014-09-09,16.38,16.19,16.38,15.98,110336.0,600198
756,2014-09-10,16.22,17.81,17.81,16.08,424009.0,600198
757,2014-09-11,18.24,17.6,18.24,17.43,338618.0,600198
758,2014-09-12,17.58,18.18,18.35,17.41,273287.0,600198
759,2014-09-15,18.11,18.37,18.86,17.78,201899.0,600198
760,2014-09-16,18.39,17.19,18.39,17.09,199216.0,600198
761,2014-09-17,17.41,18.66,18.87,17.16,300862.0,600198
762,2014-09-18,18.61,18.64,18.83,18.18,156668.0,600198
763,2014-09-19,18.81,18.83,19.56,18.68,192563.0,600198
764,2014-09-22,18.83,19.21,19.58,18.65,173465.0,600198
765,2014-09-23,19.5,19.1,19.5,18.72,147975.0,600198
766,2014-09-24,18.97,18.8,19.13,18.5,234483.0,600198
767,2014-09-25,18.85,18.46,19.0,18.37,169630.0,600198
768,2014-09-26,18.42,18.3,18.49,17.95,151452.0,600198
769,2014-09-29,18.24,18.54,18.97,18.22,160067.0,600198
770,2014-09-30,18.52,18.34,18.69,18.12,127929.0,600198
771,2014-10-08,18.49,18.39,18.52,17.9,165363.0,600198
772,2014-10-09,18.37,18.74,18.81,18.3,148995.0,600198
773,2014-10-10,18.68,18.44,18.88,18.17,134756.0,600198
774,2014-10-13,18.51,17.88,18.51,17.17,215474.0,600198
775,2014-10-14,17.7,17.47,17.82,17.39,109785.0,600198
776,2014-10-15,17.52,17.93,18.08,17.52,115039.0,600198
777,2014-10-16,17.8,17.31,17.95,17.25,101653.0,600198
778,2014-10-17,17.35,16.9,17.47,16.53,117457.0,600198
779,2014-10-20,16.92,17.18,17.41,16.85,82768.0,600198
780,2014-10-21,17.3,17.39,17.65,17.22,109551.0,600198
781,2014-10-22,17.39,17.15,17.57,17.06,66340.0,600198
782,2014-10-23,17.17,17.25,17.3,16.61,75037.0,600198
783,2014-10-24,17.19,17.35,17.5,16.99,64664.0,600198
784,2014-10-27,17.4,17.32,17.46,17.2,47893.0,600198
785,2014-10-28,17.4,17.59,17.66,17.36,90079.0,600198
786,2014-10-29,17.65,17.63,17.8,17.56,87293.0,600198
787,2014-10-30,17.32,17.94,18.01,17.0,198606.0,600198
788,2014-10-31,17.99,18.13,18.29,17.81,261162.0,600198
789,2014-11-03,17.99,17.72,18.0,17.54,188865.0,600198
790,2014-11-04,17.77,17.44,17.94,17.34,100338.0,600198
791,2014-11-05,17.44,17.22,17.51,17.15,70461.0,600198
792,2014-11-06,17.21,17.69,17.76,17.08,94022.0,600198
793,2014-11-07,18.05,17.31,18.11,17.25,167367.0,600198
794,2014-11-10,17.3,17.15,17.3,16.79,130275.0,600198
795,2014-11-11,17.12,16.36,17.18,16.15,149070.0,600198
796,2014-11-12,16.45,16.57,16.62,16.08,59706.0,600198
797,2014-11-13,16.5,16.2,16.5,16.12,58174.0,600198
798,2014-11-14,16.25,16.48,16.7,16.1,64721.0,600198
799,2014-11-17,16.76,16.43,16.76,16.3,47306.0,600198
800,2014-11-18,16.4,16.6,16.73,16.3,51895.0,600198
801,2014-11-19,16.51,16.84,17.0,16.51,85143.0,600198
802,2014-11-20,16.78,16.73,17.05,16.65,45273.0,600198
803,2014-11-21,16.75,16.69,16.87,16.52,45246.0,600198
804,2014-11-24,16.8,16.84,16.95,16.6,87230.0,600198
805,2014-11-25,16.89,17.19,17.3,16.8,101166.0,600198
806,2014-11-26,17.6,17.04,17.7,16.94,109663.0,600198
807,2014-11-27,17.08,16.81,17.18,16.62,126440.0,600198
808,2014-11-28,16.82,17.25,17.56,16.73,178857.0,600198
809,2014-12-01,17.19,16.74,17.28,16.56,108918.0,600198
810,2014-12-02,16.8,16.8,16.92,16.66,73106.0,600198
811,2014-12-03,16.7,17.22,17.3,16.45,138685.0,600198
812,2014-12-04,17.22,17.21,17.3,17.0,162080.0,600198
813,2014-12-05,17.0,16.94,17.16,16.28,145716.0,600198
814,2014-12-08,16.8,17.19,17.45,16.42,168200.0,600198
815,2014-12-09,17.22,17.21,18.12,17.19,250806.0,600198
816,2014-12-10,16.8,17.63,17.65,16.71,159224.0,600198
817,2014-12-11,17.52,17.71,17.75,17.25,98391.0,600198
818,2014-12-12,17.61,18.22,18.48,17.51,217304.0,600198
819,2014-12-15,18.14,18.24,18.35,17.91,121737.0,600198
820,2014-12-16,18.24,17.83,18.29,17.7,93366.0,600198
821,2014-12-17,17.8,17.84,18.42,17.63,122987.0,600198
822,2014-12-18,17.85,17.07,17.92,17.0,173708.0,600198
823,2014-12-19,17.1,16.93,17.15,16.4,110073.0,600198
824,2014-12-22,16.84,16.29,16.84,15.9,102345.0,600198
825,2014-12-23,16.1,16.35,16.53,16.1,58427.0,600198
826,2014-12-24,16.5,16.38,16.61,16.2,45822.0,600198
827,2014-12-25,16.38,16.65,16.72,16.32,44964.0,600198
828,2014-12-26,16.75,16.66,16.93,16.52,61561.0,600198
829,2014-12-29,16.65,16.52,16.75,16.0,59175.0,600198
830,2014-12-30,16.33,16.34,16.4,16.0,52946.0,600198
831,2014-12-31,16.49,16.37,16.49,16.03,42010.0,600198
832,2015-01-05,16.39,16.59,16.8,16.07,66103.0,600198
833,2015-01-06,16.76,16.82,16.98,16.4,73564.0,600198
834,2015-01-07,16.8,16.61,16.8,16.55,39021.0,600198
835,2015-01-08,16.58,16.62,16.82,16.49,38640.0,600198
836,2015-01-09,16.62,16.55,16.92,16.46,46574.0,600198
837,2015-01-12,16.47,16.08,16.48,16.02,43355.0,600198
838,2015-01-13,16.08,16.75,17.55,16.03,82940.0,600198
839,2015-01-14,16.71,16.74,17.15,16.65,54099.0,600198
840,2015-01-15,16.7,16.6,17.15,16.57,41423.0,600198
841,2015-01-16,16.61,16.99,17.09,16.55,74079.0,600198
842,2015-01-19,16.7,16.29,16.96,16.0,67241.0,600198
843,2015-01-20,16.5,16.98,17.16,16.31,100076.0,600198
844,2015-01-21,17.1,17.29,17.46,17.04,111339.0,600198
845,2015-01-22,17.29,17.78,17.98,17.21,152220.0,600198
846,2015-01-23,17.77,17.31,17.85,17.25,83145.0,600198
847,2015-01-26,17.4,17.8,17.85,17.33,85270.0,600198
848,2015-01-27,17.9,17.99,18.28,17.63,139030.0,600198
849,2015-01-28,17.81,17.86,18.43,17.71,118431.0,600198
850,2015-01-29,17.82,17.65,17.92,17.38,74598.0,600198
851,2015-01-30,17.63,17.19,17.79,17.15,64010.0,600198
852,2015-02-02,16.81,16.92,17.2,16.8,38390.0,600198
853,2015-02-03,17.13,17.95,18.06,16.97,122089.0,600198
854,2015-02-04,18.08,17.86,18.38,17.78,83515.0,600198
855,2015-02-05,18.01,18.1,18.45,17.6,181028.0,600198
856,2015-02-06,17.91,18.21,18.78,17.91,183439.0,600198
857,2015-02-09,18.23,17.68,18.23,17.61,79656.0,600198
858,2015-02-10,18.06,18.64,18.7,17.56,149548.0,600198
859,2015-02-11,18.66,18.8,19.11,18.48,183277.0,600198
860,2015-02-12,18.81,19.21,20.2,18.74,314644.0,600198
861,2015-02-13,19.01,18.97,19.25,18.84,213155.0,600198
862,2015-02-16,19.1,19.97,20.01,19.1,217316.0,600198
863,2015-02-17,19.95,19.58,19.99,19.5,137945.0,600198
864,2015-02-25,19.66,19.16,20.48,19.0,153658.0,600198
865,2015-02-26,19.2,19.13,19.33,18.74,122728.0,600198
866,2015-02-27,19.2,19.8,20.0,19.15,179000.0,600198
867,2015-03-02,19.74,19.85,19.92,19.21,139431.0,600198
868,2015-03-03,19.73,19.01,19.74,18.96,158544.0,600198
869,2015-03-04,19.0,19.18,19.34,18.95,110025.0,600198
870,2015-03-05,19.18,20.4,20.57,18.73,282774.0,600198
871,2015-03-06,20.1,19.83,20.96,19.77,209367.0,600198
872,2015-03-09,19.68,20.81,21.05,19.67,210700.0,600198
873,2015-03-10,20.82,21.06,21.27,20.47,181133.0,600198
874,2015-03-11,21.1,20.6,21.27,20.41,156546.0,600198
875,2015-03-12,20.5,21.39,21.77,20.41,200343.0,600198
876,2015-03-13,21.37,21.42,21.6,20.96,105008.0,600198
877,2015-03-16,21.41,21.55,21.87,21.28,149422.0,600198
878,2015-03-17,21.66,21.33,21.72,21.02,185047.0,600198
879,2015-03-18,21.28,21.57,21.64,21.0,136212.0,600198
880,2015-03-19,21.84,20.85,21.84,20.5,284414.0,600198
881,2015-03-20,20.78,22.33,22.78,20.61,288086.0,600198
882,2015-03-23,22.52,23.92,24.44,22.5,418693.0,600198
883,2015-03-24,23.96,25.1,25.5,23.1,376907.0,600198
884,2015-03-25,25.91,27.61,27.61,25.91,545832.0,600198
885,2015-03-26,27.6,25.67,27.6,24.85,433925.0,600198
886,2015-03-27,26.02,26.62,27.2,25.68,250719.97,600198
887,2015-03-30,27.02,25.59,27.03,25.12,284090.0,600198
888,2015-03-31,25.48,25.47,26.22,25.1,166344.0,600198
889,2015-04-01,25.63,26.06,26.8,25.63,195270.0,600198
890,2015-04-02,26.11,28.44,28.67,25.75,345289.0,600198
891,2015-04-03,27.81,28.44,29.35,27.4,253504.0,600198
892,2015-04-07,28.5,28.16,29.3,27.69,297133.0,600198
893,2015-04-08,28.18,27.09,28.3,26.3,200459.0,600198
894,2015-04-09,27.21,26.1,27.37,25.08,154398.0,600198
895,2015-04-10,26.3,26.79,27.22,26.03,150073.0,600198
896,2015-04-13,26.88,27.8,28.66,26.05,200226.0,600198
897,2015-04-14,27.8,26.94,27.8,26.7,151311.0,600198
898,2015-04-15,27.0,25.33,27.14,25.07,168174.0,600198
899,2015-04-16,24.99,25.74,26.8,24.4,150533.0,600198
900,2015-04-17,26.08,26.0,26.58,25.51,201399.0,600198
901,2015-04-20,26.1,25.25,26.1,25.15,177897.0,600198
902,2015-04-21,25.69,26.41,26.5,25.3,162794.0,600198
903,2015-04-22,26.95,27.18,27.49,26.68,206142.0,600198
904,2015-04-23,27.28,28.28,28.51,26.48,280368.0,600198
905,2015-04-24,27.87,28.57,29.26,27.6,305511.0,600198
906,2015-04-27,28.05,27.4,28.57,27.0,274116.0,600198
907,2015-04-28,27.51,26.28,27.97,25.87,226502.0,600198
908,2015-04-29,26.0,26.3,26.8,25.72,137960.0,600198
909,2015-04-30,26.5,25.93,26.98,25.88,140519.0,600198
910,2015-05-04,26.01,25.91,26.45,25.61,148829.0,600198
911,2015-05-05,25.97,24.97,26.2,24.9,122838.0,600198
912,2015-05-06,25.1,24.6,25.66,24.5,173032.0,600198
913,2015-05-07,24.1,23.11,24.37,23.08,149835.0,600198
914,2015-05-08,23.18,24.49,24.58,23.18,176679.0,600198
915,2015-05-11,24.6,25.44,25.65,24.1,219682.0,600198
916,2015-05-12,25.37,25.25,25.99,24.8,198063.0,600198
917,2015-05-13,25.25,26.1,26.19,24.8,228163.0,600198
918,2015-05-14,26.39,26.28,27.36,26.0,253306.0,600198
919,2015-05-15,26.3,24.98,26.47,24.9,188129.0,600198
920,2015-05-18,24.98,27.48,27.48,24.9,482476.0,600198
921,2015-05-19,28.4,29.33,30.2,27.67,506005.0,600198
922,2015-05-20,31.5,32.26,32.26,30.81,306385.0,600198
923,2015-05-21,35.49,35.49,35.49,33.49,522832.0,600198
924,2015-05-22,38.0,37.03,38.8,34.6,893111.0,600198
925,2015-05-25,37.98,37.2,39.5,35.81,488953.0,600198
926,2015-05-26,36.8,40.92,40.92,36.5,256303.0,600198
927,2015-05-27,43.2,45.01,45.01,40.99,470676.0,600198
928,2015-05-28,45.8,45.35,49.31,43.95,553663.0,600198
929,2015-05-29,44.19,49.89,49.89,44.19,467699.0,600198
930,2015-06-01,52.01,51.81,54.88,49.95,435265.0,600198
931,2015-06-02,50.0,49.7,53.09,49.38,572920.0,600198
932,2015-06-03,49.0,53.6,54.67,47.5,436692.0,600198
933,2015-06-04,52.64,50.5,53.27,48.24,358285.0,600198
934,2015-06-05,51.0,50.51,52.13,49.0,269923.0,600198
935,2015-06-08,52.21,50.92,54.12,50.67,389533.0,600198
936,2015-06-09,50.66,47.75,50.9,45.83,472452.0,600198
937,2015-06-10,47.73,47.9,48.52,45.79,276552.0,600198
938,2015-06-11,47.98,46.51,47.98,45.99,281003.0,600198
939,2015-06-12,46.44,50.0,50.58,46.06,371857.0,600198
940,2015-06-15,51.5,55.0,55.0,51.5,635236.0,600198
941,2015-06-16,54.5,49.88,54.89,49.5,410777.0,600198
942,2015-06-17,49.2,47.4,49.98,44.89,412963.0,600198
943,2015-06-18,46.9,43.37,48.39,42.8,268201.0,600198
944,2015-06-19,42.07,39.05,42.89,39.03,256942.0,600198
945,2015-06-23,39.11,39.42,40.1,35.9,253424.0,600198
946,2015-06-24,39.5,39.93,40.27,38.4,349323.0,600198
947,2015-06-25,40.7,39.84,43.29,39.1,435896.0,600198
948,2015-06-26,37.0,35.86,38.0,35.86,194654.0,600198
949,2015-06-29,36.22,32.27,37.25,32.27,252141.0,600198
950,2015-06-30,30.5,35.44,35.5,29.04,404100.0,600198
951,2015-07-01,34.9,31.9,36.5,31.9,295187.0,600198
952,2015-07-02,30.1,28.71,32.0,28.71,333370.0,600198
953,2015-07-03,25.84,25.84,28.9,25.84,336904.0,600198
954,2015-07-06,27.94,23.26,27.94,23.26,653591.0,600198
955,2015-07-07,21.8,20.93,21.9,20.93,248256.0,600198
956,2015-07-08,18.84,19.88,21.8,18.84,1423375.0,600198
957,2015-07-09,18.92,21.87,21.87,18.92,389293.0,600198
958,2015-07-10,24.0,24.06,24.06,23.0,132283.0,600198
959,2015-07-13,25.99,26.47,26.47,25.0,428356.0,600198
960,2015-07-14,27.0,29.12,29.12,27.0,567087.0,600198
961,2015-07-15,28.0,26.21,28.9,26.21,199526.0,600198
962,2015-07-16,25.16,25.65,27.48,23.59,419380.0,600198
963,2015-07-17,25.9,27.89,28.0,25.2,338696.0,600198
964,2015-07-20,28.0,28.37,29.88,26.95,398685.0,600198
965,2015-07-21,28.4,31.21,31.21,27.8,277163.0,600198
966,2015-07-22,32.0,32.85,33.88,30.02,503984.0,600198
967,2015-07-23,32.65,35.88,36.14,32.0,444342.0,600198
968,2015-07-24,36.85,34.85,38.2,33.38,526079.0,600198
969,2015-07-27,33.6,31.37,35.7,31.37,372114.0,600198
970,2015-07-28,28.25,29.38,33.37,28.23,376569.0,600198
971,2015-07-29,30.38,32.0,32.3,27.9,296720.0,600198
972,2015-07-30,32.0,30.62,32.9,30.34,372115.0,600198
973,2015-07-31,29.43,28.0,30.5,27.56,280152.0,600198
974,2015-08-03,27.6,25.21,27.7,25.2,299909.0,600198
975,2015-08-04,25.5,27.73,27.73,25.19,312428.0,600198
976,2015-08-05,28.2,26.89,28.75,26.41,355387.0,600198
977,2015-08-06,25.7,26.57,27.52,25.65,172505.0,600198
978,2015-08-07,27.5,28.39,28.77,26.8,318656.0,600198
979,2015-08-10,28.4,31.22,31.23,28.4,350511.0,600198
980,2015-08-11,31.0,32.83,34.01,30.1,425866.0,600198
981,2015-08-12,31.8,31.01,33.8,30.3,294548.0,600198
982,2015-08-13,30.5,32.44,32.53,29.62,307188.0,600198
983,2015-08-14,32.35,32.42,33.65,31.66,316814.0,600198
984,2015-08-17,31.8,32.32,32.95,31.5,253839.0,600198
985,2015-08-18,32.53,29.09,32.79,29.09,309126.0,600198
986,2015-08-19,27.5,29.0,29.98,26.2,341872.0,600198
987,2015-08-20,28.21,27.98,30.43,27.45,400431.0,600198
988,2015-08-21,26.65,25.19,27.4,25.18,368481.0,600198
989,2015-08-24,23.71,22.67,23.71,22.67,131939.0,600198
990,2015-08-25,20.4,20.4,20.85,20.4,246217.0,600198
991,2015-08-26,20.35,18.36,21.4,18.36,288695.0,600198
992,2015-08-27,19.0,19.18,19.48,16.71,321535.0,600198
993,2015-08-28,19.12,21.1,21.1,19.12,365589.0,600198
994,2015-08-31,21.0,18.99,21.0,18.99,267370.0,600198
995,2015-09-01,18.52,17.09,18.69,17.09,202305.0,600198
996,2015-09-02,15.45,15.38,17.6,15.38,426408.0,600198
997,2015-09-07,16.01,16.88,16.92,15.41,556742.0,600198
998,2015-09-08,16.45,17.69,17.85,15.71,434972.0,600198
999,2015-09-09,17.86,18.84,19.1,17.6,434059.0,600198
1000,2015-09-10,18.09,17.99,19.2,17.94,245891.0,600198
1001,2015-09-11,17.99,19.18,19.79,17.99,506301.0,600198
1002,2015-09-14,19.25,17.26,19.85,17.26,434771.0,600198
1003,2015-09-15,16.4,15.53,17.08,15.53,331420.0,600198
1004,2015-09-16,15.64,17.08,17.08,15.5,306180.0,600198
1005,2015-09-17,17.2,17.11,18.76,16.88,384359.0,600198
1006,2015-09-18,17.5,17.84,18.04,17.02,262386.0,600198
1007,2015-09-21,17.5,18.9,19.01,17.28,348033.0,600198
1008,2015-09-22,18.8,19.59,20.77,18.61,467468.0,600198
1009,2015-09-23,19.06,19.94,20.6,18.73,388748.0,600198
1010,2015-09-24,19.83,19.99,20.3,19.32,276201.0,600198
1011,2015-09-25,19.74,18.04,19.92,17.99,289282.0,600198
1012,2015-09-28,18.22,19.1,19.18,18.0,203116.0,600198
1013,2015-09-29,18.76,18.33,18.78,18.1,174884.0,600198
1014,2015-09-30,18.35,18.29,18.78,17.98,123453.0,600198
1015,2015-10-08,19.16,19.43,19.95,19.06,229408.0,600198
1016,2015-10-09,19.72,19.94,20.3,19.25,220636.0,600198
1017,2015-10-12,20.4,21.32,21.8,20.15,320932.0,600198
1018,2015-10-13,21.0,21.63,22.09,20.82,272549.0,600198
1019,2015-10-14,21.1,20.72,21.53,20.65,259633.0,600198
1020,2015-10-15,20.67,21.82,22.35,20.51,275228.0,600198
1021,2015-10-16,21.95,22.49,23.09,21.67,349233.0,600198
1022,2015-10-19,22.55,22.02,22.97,21.5,284478.0,600198
1023,2015-10-20,21.9,22.99,23.3,21.63,348872.0,600198
1024,2015-10-21,22.85,20.73,24.22,20.69,596655.0,600198
1025,2015-10-22,21.1,21.91,22.09,20.65,323122.0,600198
1026,2015-10-23,22.15,23.2,23.49,21.71,394225.0,600198
1027,2015-10-26,23.55,23.07,23.56,22.37,335218.0,600198
1028,2015-10-27,22.5,23.28,23.5,21.6,333927.0,600198
1029,2015-10-28,22.97,21.61,23.34,21.2,437925.0,600198
1030,2015-10-29,21.75,21.02,21.95,20.47,428231.0,600198
1031,2015-10-30,20.88,20.28,20.88,19.86,384605.0,600198
1032,2015-11-02,19.1,19.23,20.25,19.0,341705.0,600198
1033,2015-11-03,19.4,19.44,19.57,19.08,208659.0,600198
1034,2015-11-04,19.57,20.99,21.29,19.57,394869.0,600198
1035,2015-11-05,20.87,21.32,22.52,20.57,534344.0,600198
1036,2015-11-06,22.0,23.45,23.45,22.0,529052.0,600198
1037,2015-11-09,24.45,24.31,25.17,22.73,814972.0,600198
1038,2015-11-10,23.85,23.82,24.25,23.35,417823.0,600198
1039,2015-11-11,24.02,24.55,25.3,23.62,435776.0,600198
1040,2015-11-12,24.36,23.77,24.59,23.09,579236.0,600198
1041,2015-11-13,23.41,22.96,23.41,22.68,328123.0,600198
1042,2015-11-16,22.22,23.59,23.68,22.22,371658.0,600198
1043,2015-11-17,23.99,22.9,23.99,22.66,446835.0,600198
1044,2015-11-18,23.1,22.48,23.3,22.38,241033.0,600198
1045,2015-11-19,22.7,23.29,23.49,22.3,345522.0,600198
1046,2015-11-20,23.2,25.62,25.62,23.11,936293.0,600198
1047,2015-11-23,26.0,24.71,26.27,24.36,839432.0,600198
1048,2015-11-24,24.55,25.13,25.2,24.18,453282.0,600198
1049,2015-11-25,24.94,25.49,26.0,24.66,509903.0,600198
1050,2015-11-26,25.5,25.01,25.65,24.6,457379.0,600198
1051,2015-11-27,24.69,23.15,25.46,22.51,511471.0,600198
1052,2015-11-30,23.1,22.44,23.4,21.03,442089.0,600198
1053,2015-12-01,22.38,22.2,22.68,21.72,316983.0,600198
1054,2015-12-02,22.19,22.31,22.35,20.98,261722.0,600198
1055,2015-12-03,22.25,23.0,23.11,22.11,310702.0,600198
1056,2015-12-04,22.68,22.51,23.3,22.1,292934.0,600198
1057,2015-12-07,22.43,22.97,23.12,22.27,240590.0,600198
1058,2015-12-08,22.81,21.89,22.81,21.81,227835.0,600198
1059,2015-12-09,21.86,21.49,22.0,21.19,175310.0,600198
1060,2015-12-10,21.65,21.79,22.28,21.47,201161.0,600198
1061,2015-12-11,21.64,22.17,22.2,21.36,183748.0,600198
1062,2015-12-14,21.85,22.74,22.77,21.75,244852.0,600198
1063,2015-12-15,22.85,23.15,23.7,22.75,302828.0,600198
1064,2015-12-16,23.26,23.16,23.37,22.86,218886.0,600198
1065,2015-12-17,23.2,23.54,23.69,23.12,341929.0,600198
1066,2015-12-18,23.43,22.82,23.66,22.7,261507.0,600198
1067,2015-12-21,22.8,23.05,23.35,22.62,251880.0,600198
1068,2015-12-22,23.06,23.58,23.75,22.84,331891.0,600198
1069,2015-12-23,23.45,23.4,23.97,23.32,352256.0,600198
1070,2015-12-24,23.48,24.29,24.46,23.18,420658.0,600198
1071,2015-12-25,24.33,24.1,24.99,23.85,393128.0,600198
1072,2015-12-28,24.17,23.19,25.25,23.12,462323.0,600198
1073,2015-12-29,23.23,24.62,24.72,22.98,366674.0,600198
1074,2015-12-30,24.78,26.31,27.08,24.58,1075657.0,600198
1075,2015-12-31,25.67,24.67,25.93,24.58,562788.0,600198
1076,2016-01-04,24.35,22.2,24.75,22.2,364067.0,600198
1077,2016-01-05,20.6,21.28,22.0,20.09,449246.0,600198
1078,2016-01-06,21.5,21.71,21.82,20.7,322868.0,600198
1079,2016-01-07,21.05,19.54,21.27,19.54,94396.0,600198
1080,2016-01-08,19.5,19.63,20.47,18.01,387080.0,600198
1081,2016-01-11,18.98,17.67,19.18,17.67,334436.0,600198
1082,2016-01-12,17.57,17.61,17.93,16.85,262190.0,600198
1083,2016-01-13,17.98,16.51,18.18,16.48,262147.0,600198
1084,2016-01-14,15.69,17.12,17.4,15.69,263114.0,600198
1085,2016-01-15,16.96,16.29,17.18,15.77,282746.0,600198
1086,2016-01-18,15.97,16.83,17.09,15.69,227518.0,600198
1087,2016-01-19,16.68,17.48,17.58,16.6,332031.0,600198
1088,2016-01-20,17.21,16.93,17.58,16.5,281204.0,600198
1089,2016-01-21,16.73,16.26,17.36,16.23,241672.0,600198
1090,2016-01-22,16.45,16.87,17.15,16.21,264997.0,600198
1091,2016-01-25,17.06,17.07,17.3,16.81,183720.0,600198
1092,2016-01-26,16.8,15.36,16.85,15.36,346908.0,600198
1093,2016-01-27,15.4,15.29,15.55,14.35,263194.0,600198
1094,2016-01-28,15.31,14.83,16.1,14.61,282951.0,600198
1095,2016-01-29,14.92,15.42,15.66,14.69,245522.0,600198
1096,2016-02-01,15.45,14.79,15.57,14.35,215236.0,600198
1097,2016-02-02,14.91,15.48,15.78,14.82,244591.0,600198
1098,2016-02-03,15.18,15.42,15.47,14.9,177647.0,600198
1099,2016-02-04,15.43,15.7,15.94,15.36,317932.0,600198
1100,2016-02-05,16.2,15.78,16.65,15.68,297407.0,600198
1101,2016-02-15,15.1,15.87,16.0,15.02,236133.0,600198
1102,2016-02-16,16.01,16.92,17.07,15.9,396795.0,600198
1103,2016-02-17,17.1,17.18,17.48,16.66,400192.0,600198
1104,2016-02-18,17.4,16.86,17.44,16.71,270371.0,600198
1105,2016-02-19,16.82,17.05,17.23,16.7,258823.0,600198
1106,2016-02-22,17.4,17.37,17.5,17.07,353019.0,600198
1107,2016-02-23,17.26,16.89,17.3,16.56,344184.0,600198
1108,2016-02-24,16.88,17.15,17.28,16.51,344772.0,600198
1109,2016-02-25,17.1,15.44,17.15,15.44,462039.0,600198
1110,2016-02-26,15.58,15.02,15.58,14.7,258434.0,600198
1111,2016-02-29,15.06,13.53,15.08,13.52,354499.0,600198
1112,2016-03-01,13.48,14.23,14.3,13.01,318061.0,600198
1113,2016-03-02,14.15,14.82,14.94,13.93,355678.0,600198
1114,2016-03-03,14.74,14.73,15.29,14.62,322775.0,600198
1115,2016-03-04,14.66,14.07,14.8,13.59,280557.0,600198
1116,2016-03-07,14.2,14.37,14.6,14.14,203675.0,600198
1117,2016-03-08,14.38,14.31,14.38,13.45,225492.0,600198
1118,2016-03-09,13.9,13.87,14.13,13.66,167839.0,600198
1119,2016-03-10,13.86,13.62,14.04,13.61,147929.0,600198
1120,2016-03-11,13.48,13.62,13.81,13.35,139301.0,600198
1121,2016-03-14,13.78,14.38,14.84,13.78,294113.0,600198
1122,2016-03-15,14.3,14.72,15.0,14.27,377335.0,600198
1123,2016-03-16,14.65,14.29,14.77,14.08,226950.0,600198
1124,2016-03-17,14.38,14.94,15.0,14.33,323724.0,600198
1125,2016-03-18,15.01,15.88,15.96,14.83,475452.0,600198
1126,2016-03-21,16.41,16.27,16.43,15.88,435089.0,600198
1127,2016-03-22,16.09,17.46,17.9,15.82,1027557.0,600198
1128,2016-03-23,16.9,17.16,17.39,16.74,581201.0,600198
1129,2016-03-24,16.96,16.7,17.6,16.65,467829.0,600198
1130,2016-03-25,16.46,16.59,16.79,16.3,259925.0,600198
1131,2016-03-28,16.71,16.65,17.46,16.5,311711.0,600198
1132,2016-03-29,16.68,15.84,16.75,15.66,276150.0,600198
1133,2016-03-30,16.09,16.78,16.88,16.06,278563.0,600198
1134,2016-03-31,16.96,16.78,17.8,16.76,436984.0,600198
1135,2016-04-01,16.58,16.96,16.99,16.36,272976.0,600198
1136,2016-04-05,17.03,17.66,17.9,16.8,433244.0,600198
1137,2016-04-06,17.65,18.31,18.62,17.44,497220.0,600198
1138,2016-04-07,18.82,17.59,19.0,17.5,455325.0,600198
1139,2016-04-08,17.4,18.49,18.89,17.15,631449.0,600198
1140,2016-04-11,18.52,19.19,19.7,18.36,597764.0,600198
1141,2016-04-12,19.19,18.98,19.19,18.4,413402.0,600198
1142,2016-04-13,19.18,19.29,19.96,18.75,494482.0,600198
1143,2016-04-14,19.35,20.3,20.79,19.35,537449.0,600198
1144,2016-04-15,20.0,20.17,20.5,19.81,275642.0,600198
1145,2016-04-18,19.8,19.27,19.93,19.16,288108.0,600198
1146,2016-04-19,19.35,18.99,19.66,18.71,281031.0,600198
1147,2016-04-20,19.1,17.09,19.2,17.09,547327.0,600198
1148,2016-04-21,16.9,16.67,17.4,16.57,316493.0,600198
1149,2016-04-22,16.65,17.3,17.36,16.63,297493.0,600198
1150,2016-04-25,17.3,17.61,17.79,16.77,279092.0,600198
1151,2016-04-26,17.7,17.7,17.86,17.21,174883.0,600198
1152,2016-04-27,17.66,17.38,17.84,17.26,164816.0,600198
1153,2016-04-28,17.16,17.22,17.41,16.68,199259.0,600198
1154,2016-04-29,17.04,16.89,17.17,16.75,116172.0,600198
1155,2016-05-03,16.85,17.6,17.65,16.75,179817.0,600198
1156,2016-05-04,17.54,17.46,17.75,17.36,187070.0,600198
1157,2016-05-05,17.28,17.29,17.43,16.94,205006.0,600198
1158,2016-05-06,17.28,16.14,17.31,16.06,317926.0,600198
1159,2016-05-09,15.9,15.08,15.94,14.9,221511.0,600198
1160,2016-05-10,15.08,15.18,15.35,15.01,113062.0,600198
1161,2016-05-11,15.32,14.78,15.4,14.75,152571.0,600198
1162,2016-05-12,14.5,14.68,14.69,14.18,150369.0,600198
1163,2016-05-13,15.31,14.9,15.61,14.83,222962.0,600198
1164,2016-05-16,14.72,15.77,15.79,14.71,303458.0,600198
1165,2016-05-17,15.8,15.51,15.82,15.35,202943.0,600198
1166,2016-05-18,15.23,14.79,15.28,14.46,211202.0,600198
1167,2016-05-19,14.85,15.01,15.35,14.85,161329.0,600198
1168,2016-05-20,14.83,15.31,15.32,14.66,165414.0,600198
1169,2016-05-23,15.3,15.44,15.64,15.21,144583.0,600198
1170,2016-05-24,15.3,15.1,15.38,14.98,105054.0,600198
1171,2016-05-25,15.33,15.1,15.47,15.02,120418.0,600198
1172,2016-05-26,15.0,15.18,15.22,14.5,151172.0,600198
1173,2016-05-27,15.06,15.52,15.65,15.05,218971.0,600198
1174,2016-05-30,16.3,17.07,17.07,16.1,629744.0,600198
1175,2016-05-31,16.8,17.72,17.94,16.8,547337.0,600198
1176,2016-06-01,17.98,18.35,18.74,17.72,429374.0,600198
1177,2016-06-02,18.1,18.36,18.61,18.0,325727.0,600198
1178,2016-06-03,18.45,18.8,19.4,18.4,425270.0,600198
1179,2016-06-06,18.8,18.92,19.0,18.11,295760.0,600198
1180,2016-06-07,18.7,19.41,19.66,18.36,385974.0,600198
1181,2016-06-08,19.3,19.38,20.28,18.97,377920.0,600198
1182,2016-06-13,19.04,18.63,20.18,18.6,415655.0,600198
1183,2016-06-14,18.45,19.47,19.5,18.45,303075.0,600198
1184,2016-06-15,19.18,20.29,20.97,19.18,439554.0,600198
1185,2016-06-16,20.12,19.82,20.75,19.7,419582.0,600198
1186,2016-06-17,20.0,20.09,20.35,19.68,224728.0,600198
1187,2016-06-20,20.2,21.04,21.2,20.2,346458.0,600198
1188,2016-06-21,21.25,20.72,21.4,20.47,233589.0,600198
1189,2016-06-22,20.51,20.73,20.9,20.21,240235.0,600198
1190,2016-06-23,20.9,21.82,22.03,20.87,465265.0,600198
1191,2016-06-24,21.76,21.42,22.2,20.29,460128.0,600198
1192,2016-06-27,21.11,22.02,22.22,21.1,268215.0,600198
1193,2016-06-28,21.8,21.24,21.95,21.15,255091.0,600198
1194,2016-06-29,21.14,20.43,21.32,20.1,564882.0,600198
1195,2016-06-30,20.2,19.88,20.56,19.42,519326.0,600198
1196,2016-07-01,19.9,19.71,20.09,19.53,280404.0,600198
1197,2016-07-04,19.65,19.94,20.14,19.61,340851.0,600198
1198,2016-07-05,19.9,20.28,20.3,19.24,610921.0,600198
1199,2016-07-06,20.02,19.97,20.2,19.9,300184.0,600198
1200,2016-07-07,19.91,21.97,21.97,19.79,801825.0,600198
1201,2016-07-08,21.8,21.84,22.77,21.6,640604.0,600198
1202,2016-07-11,22.01,22.72,23.5,21.69,627301.0,600198
1203,2016-07-12,22.5,22.5,23.03,21.8,356822.0,600198
1204,2016-07-13,22.77,22.69,23.12,22.23,341991.0,600198
1205,2016-07-14,22.42,22.24,22.6,21.78,292123.0,600198
1206,2016-07-15,22.24,21.98,22.55,21.9,222201.0,600198
1207,2016-07-18,22.0,21.83,22.28,21.35,196831.0,600198
1208,2016-07-19,21.95,24.01,24.01,21.71,620538.0,600198
1209,2016-07-20,23.56,23.19,23.86,23.08,413754.0,600198
1210,2016-07-21,23.24,23.22,23.83,23.01,297410.0,600198
1211,2016-07-22,23.01,23.37,23.73,22.81,259662.0,600198
1212,2016-07-25,23.72,22.45,24.2,22.35,393364.0,600198
1213,2016-07-26,22.12,22.84,22.93,22.12,207986.0,600198
1214,2016-07-27,22.84,20.79,22.98,20.56,422506.0,600198
1215,2016-07-28,20.75,20.31,20.93,19.44,407631.0,600198
1216,2016-07-29,20.2,20.05,20.32,19.65,169720.0,600198
1217,2016-08-01,19.8,19.21,19.94,18.68,268060.0,600198
1218,2016-08-02,19.3,19.84,19.95,19.15,206902.0,600198
1219,2016-08-03,19.76,19.88,19.9,19.49,158332.0,600198
1220,2016-08-04,19.95,20.16,20.46,19.5,277184.0,600198
1221,2016-08-05,19.92,19.98,20.39,19.78,199176.0,600198
1222,2016-08-08,19.9,20.16,20.19,19.4,204840.0,600198
1223,2016-08-09,20.15,20.44,20.48,20.01,211374.0,600198
1224,2016-08-10,20.36,19.9,20.78,19.87,239560.0,600198
1225,2016-08-11,19.91,19.46,19.92,19.21,246417.0,600198
1226,2016-08-12,19.33,19.82,19.85,19.23,170747.0,600198
1227,2016-08-15,19.83,20.49,20.82,19.4,348518.0,600198
1228,2016-08-16,20.5,20.36,20.67,20.28,201425.0,600198
1229,2016-08-17,20.21,20.54,20.81,20.15,218226.0,600198
1230,2016-08-18,20.5,20.39,20.85,20.29,215605.0,600198
1231,2016-08-19,20.4,20.06,20.57,19.88,160438.0,600198
1232,2016-08-22,20.07,19.58,20.09,19.54,169784.0,600198
1233,2016-08-23,19.58,19.73,19.83,19.5,103547.0,600198
1234,2016-08-24,19.75,19.87,20.15,19.67,129730.0,600198
1235,2016-08-25,19.67,19.56,19.74,19.25,110029.0,600198
1236,2016-08-26,19.52,19.57,19.95,19.5,134347.0,600198
1237,2016-08-29,19.4,19.34,19.62,19.21,152665.0,600198
1238,2016-08-30,19.34,19.24,19.48,19.15,116363.0,600198
1239,2016-08-31,19.23,19.05,19.29,18.68,182811.0,600198
1240,2016-09-01,19.0,19.04,19.32,18.84,138490.0,600198
1241,2016-09-02,18.95,18.8,19.09,18.55,124681.0,600198
1242,2016-09-05,18.88,18.77,18.98,18.72,89570.0,600198
1243,2016-09-06,18.82,19.63,19.81,18.71,265895.0,600198
1244,2016-09-07,19.7,19.44,19.76,19.41,134781.0,600198
1245,2016-09-08,19.5,19.42,19.55,19.22,123704.0,600198
1246,2016-09-09,19.59,18.91,19.59,18.89,127808.0,600198
1247,2016-09-12,18.28,17.89,18.41,17.87,264045.0,600198
1248,2016-09-13,17.97,17.71,18.09,17.5,153222.0,600198
1249,2016-09-14,17.7,17.36,17.81,17.28,141154.0,600198
1250,2016-09-19,17.44,17.8,17.88,17.44,109577.0,600198
1251,2016-09-20,17.81,17.7,17.81,17.48,85342.0,600198
1252,2016-09-21,17.69,17.74,17.92,17.62,99960.0,600198
1253,2016-09-22,17.93,17.77,17.95,17.7,90632.0,600198
1254,2016-09-23,17.86,17.67,17.94,17.61,86060.0,600198
1255,2016-09-26,17.62,17.0,17.63,16.93,155785.0,600198
1256,2016-09-27,17.1,17.73,17.77,17.01,175170.0,600198
1257,2016-09-28,17.73,17.69,17.98,17.63,144861.0,600198
1258,2016-09-29,17.62,17.69,17.84,17.62,62377.0,600198
1259,2016-09-30,17.7,17.9,17.92,17.64,83233.0,600198
1260,2016-10-10,18.2,19.08,19.24,18.14,254876.0,600198
1261,2016-10-11,18.95,19.37,19.63,18.85,276446.0,600198
1262,2016-10-12,19.29,19.34,19.55,19.06,122415.0,600198
1263,2016-10-13,19.34,19.39,19.72,19.19,169439.0,600198
1264,2016-10-14,19.34,19.15,19.4,18.88,128713.0,600198
1265,2016-10-17,19.31,19.59,20.05,19.15,328412.0,600198
1266,2016-10-18,19.52,19.77,20.05,19.5,231332.0,600198
1267,2016-10-19,19.85,19.79,19.98,19.6,140517.0,600198
1268,2016-10-20,19.76,19.68,19.79,19.62,78881.0,600198
1269,2016-10-21,19.7,19.1,19.72,18.9,187441.0,600198
1270,2016-10-24,19.15,19.31,19.54,19.0,132339.0,600198
1271,2016-10-25,19.32,20.02,20.06,19.26,213857.0,600198
1272,2016-10-26,20.25,19.8,20.45,19.65,188004.0,600198
1273,2016-10-27,19.79,19.55,19.79,19.26,115442.0,600198
1274,2016-10-28,19.63,19.32,19.67,19.29,69259.0,600198
1275,2016-10-31,18.89,18.44,18.89,18.12,231244.0,600198
1276,2016-11-01,18.45,18.51,18.57,18.36,101352.0,600198
1277,2016-11-02,18.5,18.19,18.5,17.96,176515.0,600198
1278,2016-11-03,18.1,18.27,18.38,18.0,109196.0,600198
1279,2016-11-04,18.27,18.4,18.78,18.25,154229.0,600198
1280,2016-11-07,18.4,18.24,18.41,18.05,66767.0,600198
1281,2016-11-08,18.31,18.4,18.62,18.21,89278.0,600198
1282,2016-11-09,18.4,18.14,18.48,17.71,128241.0,600198
1283,2016-11-10,18.23,18.36,18.6,18.21,93366.0,600198
1284,2016-11-11,18.4,18.74,18.89,18.32,172830.0,600198
1285,2016-11-14,18.74,18.64,19.1,18.58,172634.0,600198
1286,2016-11-15,18.69,18.8,18.81,18.48,101816.0,600198
1287,2016-11-16,18.88,19.01,19.33,18.72,156383.0,600198
1288,2016-11-17,18.93,18.52,18.93,18.46,145374.0,600198
1289,2016-11-18,18.52,18.15,18.62,18.13,114755.0,600198
1290,2016-11-21,18.38,18.48,18.8,18.24,158571.0,600198
1291,2016-11-22,18.45,18.44,18.48,18.16,141632.0,600198
1292,2016-11-23,18.5,18.26,18.52,18.23,118208.0,600198
1293,2016-11-24,18.25,18.02,18.3,17.92,137795.0,600198
1294,2016-11-25,17.83,18.07,18.16,17.65,117260.0,600198
1295,2016-11-28,18.07,18.1,18.2,17.99,83865.0,600198
1296,2016-11-29,18.12,17.84,18.12,17.78,101123.0,600198
1297,2016-11-30,17.86,17.93,18.03,17.55,86764.0,600198
1298,2016-12-01,17.93,18.18,18.28,17.86,113917.0,600198
1299,2016-12-02,18.1,18.02,18.24,17.83,92475.0,600198
1300,2016-12-05,17.73,17.48,17.98,17.4,125006.0,600198
1301,2016-12-06,17.55,17.45,17.66,17.43,67823.0,600198
1302,2016-12-07,17.49,17.58,17.59,17.13,100968.0,600198
1303,2016-12-08,17.58,17.19,17.6,17.17,106488.0,600198
1304,2016-12-09,17.21,16.95,17.25,16.82,149399.0,600198
1305,2016-12-12,16.91,15.68,16.94,15.62,200658.0,600198
1306,2016-12-13,15.79,15.49,15.83,15.3,148571.0,600198
1307,2016-12-14,15.54,15.58,15.81,15.49,122209.0,600198
1308,2016-12-15,15.56,15.74,15.88,15.46,102439.0,600198
1309,2016-12-16,15.74,15.88,15.95,15.58,77642.0,600198
1310,2016-12-19,15.89,15.69,15.89,15.67,58549.0,600198
1311,2016-12-20,15.79,15.88,15.93,15.71,65082.0,600198
1312,2016-12-21,15.95,16.28,16.54,15.95,140893.0,600198
1313,2016-12-22,16.16,16.25,16.32,16.14,65204.0,600198
1314,2016-12-23,16.24,16.05,16.58,16.0,106717.0,600198
1315,2016-12-26,15.8,16.19,16.21,15.63,70968.0,600198
1316,2016-12-27,16.1,16.18,16.35,16.05,51540.0,600198
1317,2016-12-28,16.25,16.0,16.3,15.99,58313.0,600198
1318,2016-12-29,16.09,15.95,16.2,15.94,55230.0,600198
1319,2016-12-30,15.93,15.87,16.04,15.82,51487.0,600198
1320,2017-01-03,15.94,16.01,16.09,15.92,46931.0,600198
1321,2017-01-04,16.03,16.26,16.28,15.94,89942.0,600198
1322,2017-01-05,16.29,16.38,16.6,16.15,130555.0,600198
1323,2017-01-06,16.3,16.67,17.09,16.25,214315.0,600198
1324,2017-01-09,16.63,16.99,17.05,16.48,173191.0,600198
1325,2017-01-10,16.95,16.75,17.0,16.7,100737.0,600198
1326,2017-01-11,16.69,16.48,16.74,16.4,85291.0,600198
1327,2017-01-12,16.43,16.32,16.67,16.28,68858.0,600198
1328,2017-01-13,16.3,16.16,16.46,16.12,59220.0,600198
1329,2017-01-16,16.13,15.15,16.15,14.62,145414.0,600198
1330,2017-01-17,15.12,15.34,15.44,14.89,86118.0,600198
1331,2017-01-18,15.31,15.33,15.48,15.2,64792.0,600198
1332,2017-01-19,15.3,15.39,15.56,15.21,49598.0,600198
1333,2017-01-20,15.37,15.57,15.63,15.28,55959.0,600198
1334,2017-01-23,15.59,15.6,15.7,15.51,57180.0,600198
1335,2017-01-24,15.56,15.34,15.61,15.26,68309.0,600198
1336,2017-01-25,15.03,15.1,15.21,14.9,82325.0,600198
1337,2017-01-26,15.01,15.24,15.25,15.01,84361.0,600198
1338,2017-02-03,15.22,15.29,15.34,15.15,45735.0,600198
1339,2017-02-06,15.29,15.52,15.54,15.19,70663.0,600198
1340,2017-02-07,15.5,15.45,15.5,15.32,50537.0,600198
1341,2017-02-08,15.46,15.58,15.59,15.36,53142.0,600198
1342,2017-02-09,15.55,15.67,15.81,15.48,64669.0,600198
1343,2017-02-10,15.68,15.58,15.68,15.49,76777.0,600198
1344,2017-02-13,15.5,15.65,15.7,15.45,81679.0,600198
1345,2017-02-14,15.57,15.49,15.65,15.43,73122.0,600198
1346,2017-02-15,15.5,15.54,15.59,15.43,78880.0,600198
1347,2017-02-16,15.54,15.92,15.95,15.5,171029.0,600198
1348,2017-02-17,15.95,15.99,16.2,15.76,141649.0,600198
1349,2017-02-20,15.98,16.09,16.28,15.68,129810.0,600198
1350,2017-02-21,16.0,16.29,16.3,15.92,138234.0,600198
1351,2017-02-22,16.29,16.75,16.95,16.29,301797.0,600198
1352,2017-02-23,16.78,16.8,16.92,16.61,144803.0,600198
1353,2017-02-24,16.77,16.77,17.22,16.76,211222.0,600198
1354,2017-02-27,16.86,16.59,16.99,16.5,119369.0,600198
1355,2017-02-28,16.57,16.74,16.86,16.38,114473.0,600198
1356,2017-03-01,16.75,16.59,16.76,16.4,145988.0,600198
1357,2017-03-02,16.59,16.31,16.63,16.24,98804.0,600198
1358,2017-03-03,16.31,16.96,17.16,16.25,220710.0,600198
1359,2017-03-06,16.95,17.03,17.27,16.88,196294.0,600198
1360,2017-03-07,17.0,16.9,17.07,16.75,123896.0,600198
1361,2017-03-08,16.93,17.29,17.67,16.85,328704.0,600198
1362,2017-03-09,17.2,17.21,17.35,17.0,117849.0,600198
1363,2017-03-10,17.26,16.99,17.5,16.98,114047.0,600198
1364,2017-03-13,16.98,16.94,17.17,16.53,169353.0,600198
1365,2017-03-14,16.9,17.43,17.45,16.86,176047.0,600198
1366,2017-03-15,17.26,17.33,17.6,17.22,153539.0,600198
1367,2017-03-16,17.4,17.5,17.6,17.26,139083.0,600198
1368,2017-03-17,17.48,17.01,17.58,16.94,184859.0,600198
1369,2017-03-20,16.99,16.73,17.08,16.44,179499.0,600198
1370,2017-03-21,16.74,16.9,17.07,16.71,147303.0,600198
1371,2017-03-22,16.75,16.62,16.84,16.5,83896.0,600198
1372,2017-03-23,16.68,17.09,17.13,16.52,143324.0,600198
1373,2017-03-24,16.96,16.94,17.1,16.84,98542.0,600198
1374,2017-03-27,16.94,16.93,17.05,16.7,82136.0,600198
1375,2017-03-28,16.93,16.75,16.93,16.7,48215.0,600198
1376,2017-03-29,16.76,16.24,16.82,16.22,138262.0,600198
1377,2017-03-30,16.15,15.77,16.35,15.69,154360.0,600198
1378,2017-03-31,15.8,15.89,16.01,15.74,82589.0,600198
1379,2017-04-05,16.0,16.41,16.55,16.0,135842.0,600198
1380,2017-04-06,16.35,16.38,16.48,16.31,62620.0,600198
1381,2017-04-07,16.39,16.73,17.03,16.3,142412.0,600198
1382,2017-04-10,16.75,16.81,16.89,16.48,113620.0,600198
1383,2017-04-11,16.76,16.91,16.98,16.6,147937.0,600198
1384,2017-04-12,16.7,16.46,16.78,16.33,116682.0,600198
1385,2017-04-13,16.42,16.65,16.89,16.37,90521.0,600198
1386,2017-04-14,16.74,16.79,16.9,16.61,109083.0,600198
1387,2017-04-17,16.65,17.18,17.39,16.35,226390.0,600198
1388,2017-04-18,17.1,16.96,17.23,16.88,142580.0,600198
1389,2017-04-19,17.09,17.14,17.45,16.55,244342.0,600198
1390,2017-04-20,16.99,17.25,17.32,16.83,209840.0,600198
1391,2017-04-21,17.16,17.04,17.35,16.59,198684.0,600198
1392,2017-04-24,16.6,16.24,16.95,15.69,202857.0,600198
1393,2017-04-25,16.18,15.93,16.31,15.89,91837.0,600198
1394,2017-04-26,15.77,16.47,16.65,15.75,117834.0,600198
1395,2017-04-27,16.33,17.06,17.1,16.3,206760.0,600198
1396,2017-04-28,16.98,16.97,17.1,16.74,106144.0,600198
1397,2017-05-02,16.9,17.01,17.24,16.75,85361.0,600198
1398,2017-05-03,17.5,16.88,17.63,16.82,185565.0,600198
1399,2017-05-04,16.59,17.06,17.08,16.22,136951.0,600198
1400,2017-05-05,16.77,16.43,16.98,16.41,93209.0,600198
1401,2017-05-08,16.23,16.95,17.15,16.2,172255.0,600198
1402,2017-05-09,16.53,16.83,17.23,15.9,200107.0,600198
1403,2017-05-10,16.65,16.31,16.85,16.28,102006.0,600198
1404,2017-05-11,16.22,14.68,16.22,14.68,333597.0,600198
1405,2017-05-12,14.77,14.89,15.27,14.39,129034.0,600198
1406,2017-05-15,15.07,15.04,15.29,14.86,79869.0,600198
1407,2017-05-16,15.06,15.23,15.25,14.69,99924.0,600198
1408,2017-05-17,15.22,15.59,15.78,15.15,154586.0,600198
1409,2017-05-18,15.38,15.39,15.63,15.29,84415.0,600198
1410,2017-05-19,15.31,15.27,15.48,15.06,71908.0,600198
1411,2017-05-22,15.2,14.98,15.37,14.95,50009.0,600198
1412,2017-05-23,14.92,13.48,15.11,13.48,193127.0,600198
1413,2017-05-24,13.5,12.93,13.55,12.2,272358.0,600198
1414,2017-05-25,12.85,13.35,13.54,12.73,149150.0,600198
1415,2017-05-26,13.69,13.65,14.15,13.48,190539.0,600198
1416,2017-05-31,13.65,13.4,14.2,13.03,109464.0,600198
1417,2017-06-01,13.39,12.06,13.39,12.06,401723.0,600198
1418,2017-06-02,11.9,12.19,12.29,10.9,298728.0,600198
1419,2017-06-05,11.9,12.11,12.22,11.86,124554.0,600198
1420,2017-06-06,12.13,12.07,12.13,11.91,84272.0,600198
1421,2017-06-07,12.08,12.42,12.45,12.01,198425.0,600198
1422,2017-06-08,12.36,12.59,12.98,12.27,259273.0,600198
1423,2017-06-09,12.47,12.38,12.62,12.22,157766.0,600198
1424,2017-06-12,12.37,12.12,12.37,12.03,106251.0,600198
1425,2017-06-13,12.07,12.2,12.27,12.02,109770.0,600198
1426,2017-06-14,12.23,12.35,12.6,12.18,153140.0,600198
1427,2017-06-15,12.41,12.54,12.76,12.38,139647.0,600198
1428,2017-06-16,12.54,12.79,12.83,12.5,151812.0,600198
1429,2017-06-19,12.71,13.21,13.39,12.59,196939.0,600198
1430,2017-06-20,13.21,13.03,13.26,12.9,133752.0,600198
1431,2017-06-21,13.05,13.12,13.25,12.92,125509.0,600198
1432,2017-06-22,13.15,12.59,13.15,12.5,175200.0,600198
1433,2017-06-23,12.5,12.48,12.64,12.13,108257.0,600198
1434,2017-06-26,12.52,12.47,12.66,12.39,168506.0,600198
1435,2017-06-27,12.42,12.65,12.68,12.42,123321.0,600198
1436,2017-06-28,12.67,12.31,12.67,12.26,115078.0,600198
1437,2017-06-29,12.31,12.8,12.82,12.28,241949.0,600198
1438,2017-06-30,12.75,12.77,12.83,12.58,126359.0,600198
1439,2017-07-03,12.77,12.93,13.08,12.59,175961.0,600198
1440,2017-07-04,12.9,12.96,13.03,12.76,129875.0,600198
1441,2017-07-05,12.82,13.04,13.12,12.82,130626.0,600198
1442,2017-07-06,13.0,13.07,13.12,12.88,140411.0,600198
1443,2017-07-07,13.06,13.24,13.27,13.01,162165.0,600198
1444,2017-07-10,13.11,13.72,13.92,13.11,302548.0,600198
1445,2017-07-11,13.65,13.45,13.88,13.38,169886.0,600198
1446,2017-07-12,13.46,13.28,13.51,12.99,139564.0,600198
1447,2017-07-13,13.22,13.19,13.38,13.15,104136.0,600198
1448,2017-07-14,13.19,13.03,13.3,12.95,118749.0,600198
1449,2017-07-17,13.0,12.3,13.0,11.91,174522.0,600198
1450,2017-07-18,12.16,12.3,12.41,12.1,93066.0,600198
1451,2017-07-19,12.28,12.41,12.49,12.16,92339.0,600198
1452,2017-07-20,12.42,12.68,12.88,12.37,128922.0,600198
1453,2017-07-21,12.6,13.49,13.66,12.56,287189.0,600198
1454,2017-07-24,13.55,13.4,13.64,13.2,152794.0,600198
1455,2017-07-25,13.36,13.4,13.74,13.3,143979.0,600198
1456,2017-07-26,13.33,13.4,13.58,13.15,108122.0,600198
1457,2017-07-27,13.31,13.65,13.7,13.2,139683.0,600198
1458,2017-07-28,13.51,13.41,13.61,13.33,113629.0,600198
1459,2017-07-31,13.32,13.26,13.54,13.24,106409.0,600198
1460,2017-08-01,13.33,13.52,13.65,13.18,180170.0,600198
1461,2017-08-02,13.45,12.93,13.49,12.89,218071.0,600198
1462,2017-08-03,12.9,13.21,13.45,12.88,172478.0,600198
1463,2017-08-04,13.23,13.09,13.33,13.06,104227.0,600198
1464,2017-08-07,13.09,13.46,13.53,13.03,157078.0,600198
1465,2017-08-08,13.38,13.42,13.58,13.32,93400.0,600198
1466,2017-08-09,13.39,13.94,14.2,13.34,280756.0,600198
1467,2017-08-10,13.86,14.01,14.07,13.61,221958.0,600198
1468,2017-08-11,13.97,14.13,14.49,13.9,272861.0,600198
1469,2017-08-14,14.24,14.29,14.6,14.0,190781.0,600198
1470,2017-08-15,14.14,14.28,14.37,13.86,184512.0,600198
1471,2017-08-16,14.2,14.61,14.65,14.01,213006.0,600198
1472,2017-08-17,14.82,15.45,16.07,14.68,519356.0,600198
1473,2017-08-18,15.05,15.8,15.98,14.98,413008.0,600198
1474,2017-08-21,16.01,15.75,16.6,15.41,448418.0,600198
1475,2017-08-22,15.63,15.25,15.76,15.08,288903.0,600198
1476,2017-08-23,15.19,14.86,15.29,14.82,195408.0,600198
1477,2017-08-24,14.83,14.46,14.94,14.39,173313.0,600198
1478,2017-08-25,14.5,14.57,14.82,14.46,170448.0,600198
1479,2017-08-28,14.53,14.64,14.78,14.23,290774.0,600198
1480,2017-08-29,14.58,14.45,14.79,14.4,153548.0,600198
1481,2017-08-30,14.5,15.04,15.23,14.49,305015.0,600198
1482,2017-08-31,14.99,15.1,15.16,14.88,143044.0,600198
1483,2017-09-01,15.0,15.13,15.18,14.92,112583.0,600198
1484,2017-09-04,14.9,15.35,15.58,14.9,215961.0,600198
1485,2017-09-05,15.33,15.22,15.7,15.18,173902.0,600198
1486,2017-09-06,15.04,15.12,15.13,14.9,129996.0,600198
1487,2017-09-07,15.0,14.71,15.3,14.67,166344.0,600198
1488,2017-09-08,14.76,14.71,14.9,14.46,146964.0,600198
1489,2017-09-11,14.68,14.78,14.91,14.6,112116.0,600198
1490,2017-09-12,14.7,14.46,14.85,14.44,184109.0,600198
1491,2017-09-13,14.5,14.54,14.8,14.32,177326.0,600198
1492,2017-09-14,14.53,14.45,14.63,14.3,135096.0,600198
1493,2017-09-15,14.42,14.21,14.49,14.11,146619.0,600198
1494,2017-09-18,14.26,14.54,14.58,14.22,155737.0,600198
1495,2017-09-19,14.54,14.32,14.55,14.25,104616.0,600198
1496,2017-09-20,14.21,15.13,15.25,14.15,357387.0,600198
1497,2017-09-21,15.03,15.04,15.27,14.74,248667.0,600198
1498,2017-09-22,15.03,15.82,16.15,14.65,518985.0,600198
1499,2017-09-25,15.61,15.16,15.94,15.08,345801.0,600198
1500,2017-09-26,15.09,15.48,15.54,14.86,268372.0,600198
1501,2017-09-27,15.48,15.8,16.06,15.15,425317.0,600198
1502,2017-09-28,15.7,16.11,16.5,15.61,529595.0,600198
1503,2017-09-29,16.0,16.02,16.66,15.81,499908.0,600198
1504,2017-10-09,16.48,16.3,16.85,16.17,457253.0,600198
1505,2017-10-10,16.13,15.78,16.19,15.58,358099.0,600198
1506,2017-10-11,15.73,15.5,15.74,15.27,210859.0,600198
1507,2017-10-12,15.46,15.53,15.84,15.33,206710.0,600198
1508,2017-10-13,15.5,15.49,15.54,15.25,135477.0,600198
1509,2017-10-16,15.32,15.36,15.71,15.28,166728.0,600198
1510,2017-10-17,15.35,14.94,15.38,14.91,157613.0,600198
1511,2017-10-18,14.94,14.76,15.1,14.72,118463.0,600198
1512,2017-10-19,14.67,14.73,14.99,14.61,120585.0,600198
1513,2017-10-20,14.64,14.98,15.0,14.64,76690.0,600198
1514,2017-10-23,14.9,15.08,15.23,14.77,86091.0,600198
1515,2017-10-24,15.0,14.8,15.06,14.48,121913.0,600198
1516,2017-10-25,14.73,15.0,15.02,14.72,85787.0,600198
1517,2017-10-26,14.98,15.38,15.48,14.92,180082.0,600198
1518,2017-10-27,15.37,14.9,15.39,14.88,143918.0,600198
1519,2017-10-30,14.9,13.51,14.9,13.42,337797.0,600198
1520,2017-10-31,13.62,13.49,13.66,13.22,173662.0,600198
1521,2017-11-01,13.47,13.58,13.71,13.3,138508.0,600198
1522,2017-11-02,13.52,13.25,13.65,13.18,151714.0,600198
1523,2017-11-03,13.25,13.39,13.47,13.15,111450.0,600198
1524,2017-11-06,13.43,13.83,14.08,13.25,164404.0,600198
1525,2017-11-07,13.83,13.93,13.97,13.66,114933.0,600198
1526,2017-11-08,13.83,13.87,13.97,13.8,93607.0,600198
1527,2017-11-09,13.93,14.24,14.34,13.78,172578.0,600198
1528,2017-11-10,14.19,14.17,14.45,13.96,163153.0,600198
1529,2017-11-13,14.04,13.85,14.11,13.63,175510.0,600198
1530,2017-11-14,13.8,13.91,14.11,13.65,150999.0,600198
1531,2017-11-15,13.9,13.93,14.17,13.71,126356.0,600198
1532,2017-11-16,14.0,13.49,14.0,13.46,138768.0,600198
1533,2017-11-17,13.36,12.61,13.47,12.48,241493.0,600198
1534,2017-11-20,12.62,13.05,13.08,12.48,122911.0,600198
1535,2017-11-21,13.06,13.25,13.27,12.95,123046.0,600198
1536,2017-11-22,13.21,13.24,13.6,13.12,138068.0,600198
1537,2017-11-23,13.8,13.53,14.32,13.45,320176.0,600198
1538,2017-11-24,13.5,14.88,14.88,13.5,297222.0,600198
1539,2017-11-27,15.0,14.31,15.19,14.17,442789.0,600198
1540,2017-11-28,14.13,14.52,14.6,13.79,372245.0,600198
1541,2017-11-29,14.34,14.2,14.43,14.01,239082.0,600198
1542,2017-11-30,14.03,14.01,14.3,13.79,186796.0,600198
1543,2017-12-01,13.85,14.12,14.27,13.81,203167.0,600198
1544,2017-12-04,13.9,13.27,14.01,13.15,286850.0,600198
1545,2017-12-05,13.33,12.28,13.35,12.13,302920.0,600198
1546,2017-12-06,12.35,12.7,12.72,12.23,174741.0,600198
1547,2017-12-07,12.6,12.49,12.65,12.44,118939.0,600198
1548,2017-12-08,12.41,12.63,12.92,12.4,155462.0,600198
1549,2017-12-11,12.58,12.73,12.84,12.53,158908.0,600198
1550,2017-12-12,12.75,12.18,12.75,12.1,250025.0,600198
1551,2017-12-13,12.04,12.21,12.25,11.96,102970.0,600198
1552,2017-12-14,12.24,12.01,12.27,11.77,191030.0,600198
1553,2017-12-15,12.0,12.08,12.21,11.97,123862.0,600198
1554,2017-12-18,12.05,11.65,12.1,11.56,164574.0,600198
1555,2017-12-19,11.65,11.77,11.79,11.63,92792.0,600198
1556,2017-12-20,11.76,11.8,11.9,11.42,155669.0,600198
1557,2017-12-21,11.6,11.7,11.85,11.4,124253.0,600198
1558,2017-12-22,11.7,11.5,11.72,11.48,99325.0,600198
1559,2017-12-25,11.52,11.16,11.72,11.03,119313.0,600198
1560,2017-12-26,11.14,11.2,11.22,10.92,83007.0,600198
1561,2017-12-27,11.2,11.23,11.3,11.07,75399.0,600198
1562,2017-12-28,11.23,11.1,11.3,11.09,79589.0,600198
1563,2017-12-29,11.09,11.26,11.3,11.08,79441.0,600198
1564,2018-01-02,11.3,11.31,11.37,11.19,69716.0,600198
1565,2018-01-03,11.34,11.65,11.82,11.2,167023.0,600198
1566,2018-01-04,11.57,11.59,11.64,11.4,88269.0,600198
1567,2018-01-05,11.59,11.62,11.67,11.51,75214.0,600198
