date,open,high,close,low,volume,amount
2017-01-26,1906.688,1917.317,1917.317,1906.653,10373500827,144879627554
2017-01-25,1894.242,1907.067,1904.036,1892.302,11084386301,156613665895
2017-01-24,1901.529,1902.14,1896.45,1893.879,12481034793,171520434309
2017-01-23,1888.091,1907.039,1902.144,1888.091,13330395500,183623882833
2017-01-20,1854.677,1889.239,1885.775,1854.677,12638853423,181462304970
2017-01-19,1858.977,1868.596,1857.458,1850.611,11457201672,158610416748
2017-01-18,1867.978,1875.64,1864.59,1860.522,11920532501,172147181604
2017-01-17,1844.504,1873.021,1873.021,1823.507,14120461722,200821561638
2017-01-16,1914.948,1915.021,1851.41,1804.532,19327831367,259160760327
2017-01-13,1951.001,1953.928,1921.002,1918.971,14584425545,209305262562
2017-01-12,1966.659,1973.058,1951.314,1949.748,14691349323,201802441639
2017-01-11,1985.86,1992.082,1968.429,1968.429,15135279027,215376052560
2017-01-10,1993.065,1999.687,1989.29,1988.2,15856976958,222473015953
2017-01-09,1985.759,1995.12,1994.153,1981.036,15404848688,223251409764
2017-01-06,2003.356,2003.591,1988.13,1987.388,16793520022,247407969222
2017-01-05,2008.342,2011.262,2005.577,2004.999,17215477811,250316465302
2017-01-04,1986.492,2008.786,2008.786,1984.377,17626163154,254837584327
2017-01-03,1972.55,1985.954,1985.954,1972.55,14279956346,199509685707
2016-12-30,1967.528,1973.849,1969.111,1962.444,13102330955,191486918673
2016-12-29,1969.028,1979.41,1966.237,1965.157,12992263282,192481187066
2016-12-28,1978.47,1982.912,1972.346,1968.684,13842144626,197190561108
2016-12-27,1977.682,1985.875,1979.731,1976.454,13586051243,200747697885
2016-12-26,1963.09,1978.373,1978.373,1942.143,14265919529,207698573040
2016-12-23,1992.319,1993.397,1971.065,1969.511,14789104878,215430561222
2016-12-22,1995.655,1996.581,1993.366,1984.434,14583103370,211136018530
2016-12-21,1985.02,1996.359,1996.03,1985.02,15418358198,225349619451
2016-12-20,1982.475,1984.313,1981.323,1972.917,15126661705,212769825833
2016-12-19,1990.803,1990.803,1984.101,1979.561,15843201398,225112789025
2016-12-16,1973.58,1993.257,1991.635,1971.983,16659929362,243929373567
2016-12-15,1953.195,1985.602,1972.905,1951.925,16862382803,245621625312
2016-12-14,1972.998,1980.045,1959.859,1954.813,17272807166,249731573085
2016-12-13,1963.146,1982.202,1975.878,1946.699,17699095428,254805321278
2016-12-12,2068.708,2069.455,1969.325,1967.719,24313985904,357545579593
2016-12-09,2075.107,2079.564,2070.007,2066.159,16529925277,260334417815
2016-12-08,2091.667,2091.956,2077.372,2076.148,16893122376,256773129475
2016-12-07,2071.514,2090.329,2090.329,2067.125,16538902942,248168990130
2016-12-06,2071.451,2078.512,2071.442,2068.919,15338645373,242762128618
2016-12-05,2063.068,2084.24,2068.165,2059.25,18266935555,272382708159
2016-12-02,2119.179,2120.224,2084.488,2083.4,20662826000,315706787805
2016-12-01,2110.037,2119.692,2119.692,2110.037,18849190093,297979520172
2016-11-30,2106.566,2116.278,2106.91,2100.301,19422694271,300698636162
2016-11-29,2122.44,2131.79,2110.361,2110.309,22789191021,341765343778
2016-11-28,2134.615,2136.92,2126.823,2125.564,21969130789,341602243608
2016-11-25,2119.727,2129.845,2129.845,2088.316,22060930522,353335541510
2016-11-24,2126.852,2133.854,2121.49,2116.883,22785006503,366541760932
2016-11-23,2140.522,2143.781,2129.513,2125.182,24481475591,401968636424
2016-11-22,2121.936,2137.883,2137.883,2121.936,22418841293,371295386219
2016-11-21,2110.604,2122.737,2118.944,2110.285,20174881233,330073951772
2016-11-18,2117.821,2123.444,2111.276,2108.631,19897120519,308946096185
2016-11-17,2119.863,2121.251,2116.858,2106.918,21232231046,318896173938
2016-11-16,2126.45,2131.953,2124.846,2124.001,25047599802,382682858217
2016-11-15,2114.157,2124.396,2124.396,2107.256,24076664318,363694767007
2016-11-14,2103.999,2120.35,2114.3,2101.7,28535157668,421036002345
2016-11-11,2097.045,2108.032,2108.032,2093.964,28199965335,416711594858
2016-11-10,2083.709,2098.367,2096.89,2083.709,24229517347,369276500255
2016-11-09,2080.556,2082.843,2068.466,2041.333,24692473044,376387214485
2016-11-08,2073.165,2082.885,2080.435,2070.832,20016803857,304407021145
2016-11-07,2066.965,2072.586,2066.809,2060.782,20582495197,300836975822
2016-11-04,2071.601,2081.123,2067.154,2063.197,20427692685,327377117387
2016-11-03,2055.164,2085.922,2071.587,2053.542,23363251097,374684190353
2016-11-02,2069.16,2075.044,2060.053,2058.758,20802661496,326705066825
2016-11-01,2051.934,2073.113,2073.113,2051.934,17762727153,287954489663
2016-10-31,2046.272,2052.647,2050.276,2035.581,16456220200,256789110621
2016-10-28,2067.108,2074.877,2052.016,2051.979,19246306969,298573087052
2016-10-27,2067.066,2068.467,2068.086,2059.478,17815581247,271680782571
2016-10-26,2077.292,2077.308,2069.363,2063.188,21818611792,331487451761
2016-10-25,2071.165,2077.803,2077.749,2070.614,20616261270,317890430201
2016-10-24,2053.083,2073.424,2070.21,2049.727,21037271255,313520706956
2016-10-21,2059.082,2060.597,2052.562,2035.518,20091734578,304099332629
2016-10-20,2054.512,2063.017,2060.39,2052.131,19550061017,297291836934
2016-10-19,2059.459,2063.161,2053.787,2048.682,20123704758,297956483948
2016-10-18,2025.073,2056.592,2056.592,2025.041,19106515645,287387088763
2016-10-17,2048.882,2051.642,2027.557,2022.039,19194473287,284275961310
2016-10-14,2046.605,2047.746,2046.741,2032.9,17895542123,259794814952
2016-10-13,2046.812,2054.559,2049.311,2044.174,18818577450,265886963634
2016-10-12,2037.908,2047.119,2047.119,2034.548,18230670452,265440888037
2016-10-11,2033.639,2043.686,2043.686,2031.23,19424787890,279847656207
2016-10-10,2004.728,2033.383,2033.383,1999.803,18528139863,278866886845
2016-09-30,1983.99,1998.273,1995.607,1983.411,12813919853,185922438741
2016-09-29,1979.457,1993.872,1985.921,1979.457,13760178483,200694517042
2016-09-28,1982.182,1983.511,1978.301,1974.683,12883832411,188843303444
2016-09-27,1962.587,1981.262,1981.262,1955.166,14838285106,217012275483
2016-09-26,2004.155,2004.16,1966.604,1966.604,17991773412,262945278836
2016-09-23,2019.573,2020.844,2008.121,2007.792,16568159733,248554469822
2016-09-22,2016.641,2024.746,2018.163,2015.011,17145711378,258321584970
2016-09-21,1999.531,2010.448,2005.596,1998.865,14412435280,217569918675
2016-09-20,2002.681,2003.281,2000.061,1994.948,14637459516,216454599531
2016-09-19,1984.118,2001.367,2001.291,1984.118,14237508784,212442034039
2016-09-14,1980.318,1991.535,1980.255,1973.109,15268291983,226780857574
2016-09-13,1987.772,1993.66,1989.334,1977.788,16327843464,244173914552
2016-09-12,1998.497,2007.004,1977.057,1976.975,21904324295,318301220056
2016-09-09,2050.587,2054.598,2035.023,2035.023,19554011146,299127235986
2016-09-08,2043.114,2051.571,2050.08,2038.383,18317709758,283129844183
2016-09-07,2048.176,2057.781,2044.553,2042.429,23275617651,353532088510
2016-09-06,2019.266,2048.19,2048.19,2002.815,21682393306,339423558585
2016-09-05,2015.189,2029.026,2018.102,2014.289,16325249688,248834600788
2016-09-02,2014.408,2024.455,2009.295,1999.762,16461826831,260324351284
2016-09-01,2032.574,2035.287,2017.465,2017.465,17954323815,277785671443
2016-08-31,2028.566,2034.211,2032.874,2016.649,17313478581,272164528763
2016-08-30,2028.849,2039.081,2028.357,2025.05,16537253313,258557831464
2016-08-29,2021.682,2032.668,2027.145,2019.413,16785018390,265472582029
2016-08-26,2022.963,2039.125,2023.092,2019.02,18755225510,298939664570
2016-08-25,2019.53,2022.088,2019.019,1995.601,20066309582,310230684203
2016-08-24,2026.138,2040.039,2030.282,2023.986,18300500562,280660912580
2016-08-23,2016.929,2031.314,2024.054,2010.953,18905080692,280939107888
2016-08-22,2045.345,2050.028,2018.658,2018.265,21401305077,326663675328
2016-08-19,2040.646,2050.995,2044.697,2033.417,21516509858,324525314553
2016-08-18,2040.355,2051.306,2042.225,2034.931,25425844446,378349169641
2016-08-17,2036.97,2049.649,2043.267,2031.156,23962465005,375148658883
2016-08-16,2026.34,2042.373,2036.801,2026.306,26123993309,401054730684
2016-08-15,1977.227,2028.881,2023.238,1974.34,28530687261,423148303126
2016-08-12,1947.276,1973.666,1973.666,1946.006,16995675692,247366286429
2016-08-11,1972.54,1976.897,1950.921,1950.921,18017848098,270488887663
2016-08-10,1982.112,1988.792,1976.164,1976.1,18772019441,283975108903
2016-08-09,1961.721,1982.661,1982.661,1960.556,18495521189,275599888327
2016-08-08,1935.826,1962.264,1962.264,1922.694,16801442163,242181033816
2016-08-05,1948.615,1954.754,1941.607,1940.469,15904249752,240475283080
2016-08-04,1933.615,1950.577,1948.912,1926.472,16628811011,251510085597
2016-08-03,1923.24,1936.808,1934.816,1919.025,15002187975,222811123292
2016-08-02,1910.24,1926.693,1926.693,1909.27,12823628105,193269600255
2016-08-01,1933.192,1933.192,1912.648,1892.995,17171175588,255091019368
2016-07-29,1950.107,1955.047,1941.556,1932.23,16814701063,261373477396
2016-07-28,1949.542,1964.694,1950.996,1922.853,21853728703,339613417956
2016-07-27,2045.887,2047.186,1953.989,1932.447,31906188006,490086510342
2016-07-26,2019.27,2044.961,2044.961,2019.188,18943100440,299654323458
2016-07-25,2015.546,2030.392,2019.814,2009.716,19346639288,316345076543
2016-07-22,2037.248,2040.793,2019.569,2017.768,20997887778,342320974090
2016-07-21,2035.504,2052.694,2038.182,2030.818,21591793951,356590505959
2016-07-20,2035.351,2045.813,2035.847,2031.088,20105649447,333861926347
2016-07-19,2026.226,2034.454,2034.454,2011.513,20036364408,329467948853
2016-07-18,2034.02,2040.1,2027.878,2017.1,21887929296,351020741653
2016-07-15,2045.098,2047.765,2038.734,2030.913,22506726379,365286136048
2016-07-14,2039.562,2045.443,2044.933,2031.48,23509821097,379008724794
2016-07-13,2029.412,2047.317,2041.663,2024.397,28532079578,449765505889
2016-07-12,1998.748,2025.017,2025.017,1973.738,28369240492,446222211508
2016-07-11,2015.55,2027.82,2000.977,1999.338,26265813467,427969853654
2016-07-08,2013.17,2023.625,2012.286,2003.63,22683646822,380501963657
2016-07-07,2013.218,2022.649,2015.147,1995.397,28098198994,463295648015
2016-07-06,2000.865,2015.815,2015.171,1995.005,24983074241,417052286569
2016-07-05,2002.423,2009.237,2006.38,1992.731,26376421355,437431426049
2016-07-04,1956.495,2004.995,2001.689,1955.205,25410783777,405530059721
2016-07-01,1976.31,1985.901,1970.724,1963.807,20480060304,347329491078
2016-06-30,1973.944,1979.019,1974.24,1963.8,22314700296,387686448171
2016-06-29,1977.412,1982.258,1973.342,1963.9,24955990132,420868777627
2016-06-28,1940.275,1972.11,1970.376,1937.989,26830877231,453912606401
2016-06-27,1887.922,1946.696,1946.696,1887.817,23495879253,393174517638
2016-06-24,1912.131,1927.444,1900.599,1845.644,27094643996,431963996072
2016-06-23,1920.001,1926.266,1915.207,1900.861,21722797479,359997475485
2016-06-22,1884.458,1921.382,1921.382,1882.553,19712676536,329670270526
2016-06-21,1920.114,1932.32,1889.711,1881.07,23489849040,394594692212
2016-06-20,1900.908,1913.303,1909.121,1882.775,19957849585,336267713774
2016-06-17,1889.998,1914.328,1900.736,1885.617,22652028547,375084756114
2016-06-16,1888.439,1900.034,1885.438,1879.589,23466182615,391909023540
2016-06-15,1812.964,1897.906,1889.87,1810.663,22961752220,375866847682
2016-06-14,1817.767,1836.676,1832.629,1812.31,16916028644,274144761475
2016-06-13,1892.068,1905.108,1827.356,1827.356,23324978638,390597663538
2016-06-08,1921.394,1930.451,1918.622,1901.685,20813352269,368553774390
2016-06-07,1920.397,1926.351,1924.88,1909.055,19952084461,345431554294
2016-06-06,1920.653,1924.546,1920.124,1906.738,20836386623,355498821364
2016-06-03,1905.226,1927.455,1914.812,1899.832,25144467562,433350846150
2016-06-02,1883.997,1904.742,1904.742,1882.757,23172561122,375464429895
2016-06-01,1877.299,1898.513,1886.506,1876.622,26537846798,434118603241
2016-05-31,1801.025,1872.36,1872.36,1801.025,25583704157,395044413918
2016-05-30,1795.932,1813.938,1798.775,1780.594,13861555159,217888075096
2016-05-27,1804.486,1820.24,1807.038,1799.813,15971998267,254549346997
2016-05-26,1795.175,1808.926,1808.926,1763.453,16607029595,264346573799
2016-05-25,1816.07,1825.331,1800.229,1792.652,15180699112,253751378209
2016-05-24,1818.361,1818.361,1804.604,1792.333,15574307585,250343276921
2016-05-23,1799.052,1821.801,1820.992,1799.052,16899598874,279258451877
2016-05-20,1761.336,1794.954,1794.954,1755.233,14998232160,242144764148
2016-05-19,1764.79,1798.462,1775.885,1764.79,15651912721,251626978117
2016-05-18,1799.431,1799.431,1766.081,1746.756,17767144246,267266173576
2016-05-17,1816.195,1832.431,1814.68,1801.814,17757207796,290898943574
2016-05-16,1778.935,1815.027,1815.027,1771.263,14906378379,235093147482
2016-05-13,1784.187,1806.392,1784.329,1774.562,14245592986,223737332388
2016-05-12,1766.261,1790.358,1790.027,1738.704,15600950239,239419978638
2016-05-11,1812.25,1817.291,1791.055,1784.989,15409561547,247060422754
2016-05-10,1799.705,1812.778,1802.272,1792.462,13689120410,217953371690
2016-05-09,1852.646,1852.646,1804.345,1795.856,20194742322,310886910749
2016-05-06,1944.293,1950.109,1871.609,1871.609,25924972544,427588648960
2016-05-05,1925.324,1943.449,1942.544,1921.405,18087114752,311085137920
2016-05-04,1922.111,1943.302,1928.632,1919.67,20562688000,346375421952
2016-05-03,1873.684,1929.029,1929.029,1865.763,20363872256,341714042880
2016-04-29,1866.047,1883.544,1873.993,1863.614,14035894272,237945651200
2016-04-28,1876.749,1880.431,1874.308,1840.248,16980742144,276801159168
2016-04-27,1884.494,1896.076,1876.513,1873.288,16944296960,277593686016
2016-04-26,1857.678,1881.986,1881.986,1855.301,15135098880,247611359232
2016-04-25,1861.802,1865.605,1859.9,1835.875,15408529408,250353483776
2016-04-22,1836.133,1867.555,1867.555,1832.432,17067252736,273544232960
2016-04-21,1862.592,1885.167,1848.529,1846.579,21375285248,335555100672
2016-04-20,1963.612,1966.626,1871.512,1840.164,30452791296,489424060416
2016-04-19,1960.46,1966.536,1958.2,1944.572,18869719040,324917886976
2016-04-18,1965.74,1965.74,1952.409,1938.767,20878340096,348468248576
2016-04-15,1982.874,1985.541,1978.584,1967.521,21846876160,361317793792
2016-04-14,1972.646,1982.451,1982.451,1957.772,24066385920,389559287808
2016-04-13,1945.742,1984.958,1962.432,1945.742,31065098240,492216254464
2016-04-12,1950.309,1954.424,1935.603,1914.621,21714298880,375336501248
2016-04-11,1931.597,1961.692,1952.478,1931.597,24567623680,415014191104
2016-04-08,1914.384,1920.75,1914.322,1889.827,22215569408,377726074880
2016-04-07,1967.058,1970.867,1930.263,1930.263,26608648192,454602031104
2016-04-06,1943.922,1963.071,1961.707,1939.438,26105440256,446499520512
2016-04-05,1903.644,1953.464,1951.105,1899.899,26293583872,436963377152
2016-04-01,1903.338,1909.418,1901.515,1872.511,21570842624,365472546816
2016-03-31,1916.613,1931.426,1912.209,1906.677,25073924096,444707045376
2016-03-30,1856.287,1906.765,1906.765,1856.287,23062550528,394017865728
2016-03-29,1871.168,1874.603,1840.509,1824.885,20705007616,335925542912
2016-03-28,1896.358,1914.815,1874.655,1868.744,23985137664,393732947968
2016-03-25,1870.324,1890.651,1885.123,1861.1,20970113024,351898140672
2016-03-24,1885.123,1911.581,1876.106,1869.329,27035588608,462982840320
2016-03-23,1874.555,1902.532,1902.532,1870.078,24786673664,413919379456
2016-03-22,1870.562,1896.206,1880.784,1860.426,27915646976,446072815616
2016-03-21,1860.611,1886.372,1886.372,1855.273,33811466240,522811342848
2016-03-18,1780.452,1843.268,1837.21,1780.041,31803848704,488942600192
2016-03-17,1717.909,1777.297,1772.43,1717.909,23292391424,358220038144
2016-03-16,1741.874,1748.007,1711.465,1700.077,15856956416,233192210432
2016-03-15,1740.03,1748.869,1729.079,1722.531,17154845696,257719877632
2016-03-14,1704.51,1762.681,1745.286,1704.51,20657698816,301200769024
2016-03-11,1670.454,1697.725,1685.239,1663.306,12701335552,175661776896
2016-03-10,1714.375,1728.643,1688.972,1686.987,15102490624,213230190592
2016-03-09,1712.187,1740.963,1713.444,1700.468,18032084992,249502662656
2016-03-08,1738.723,1750.535,1750.535,1673.493,23099406336,312203935744
2016-03-07,1724.179,1759.781,1741.645,1724.099,19868598272,270057603072
2016-03-04,1749.33,1762.232,1706.966,1687.374,26049656832,345664651264
2016-03-03,1760.316,1793.426,1758.132,1756.767,28866693120,383542951936
2016-03-02,1677.435,1763.394,1760.583,1676.675,26977349632,354164998144
2016-03-01,1643.546,1693.783,1681.474,1620.577,21010900992,280386371584
2016-02-29,1726.779,1726.779,1643.275,1627.183,20726773760,265271508992
2016-02-26,1750.507,1759.802,1736.538,1701.498,20850040832,296329347072
2016-02-25,1872.246,1872.246,1738.668,1731.575,27040667648,394765762560
2016-02-24,1869.428,1887.114,1876.474,1836.906,22230816768,352716226560
2016-02-23,1890.32,1894.535,1877.185,1852.446,22797381632,361317138432
2016-02-22,1874.487,1888.181,1888.181,1865.084,23595081728,363399905280
2016-02-19,1835.564,1861.723,1850.513,1831.753,19041093632,302956085248
2016-02-18,1859.523,1867.978,1841.416,1838.098,23723577344,359833862144
2016-02-17,1821.477,1850.358,1847.648,1810.133,23076491264,343715512320
2016-02-16,1759.399,1826.148,1821.708,1759.399,20040124416,301370081280
2016-02-15,1693.805,1759.905,1750.016,1693.336,13736153088,199665156096
2016-02-05,1773.71,1780.133,1750.703,1750.46,14732867584,217884442624
2016-02-04,1742.395,1779.787,1771.067,1742.395,17970829312,266554425344
2016-02-03,1709.478,1744.58,1737.2,1698.09,15872987136,229311594496
2016-02-02,1672.995,1734.519,1729.089,1672.995,16759823360,244316389376
2016-02-01,1684.716,1699.007,1671.908,1647.373,15365348352,217579077632
2016-01-29,1624.849,1703.663,1689.43,1620.512,18089527296,248740757504
2016-01-28,1676.879,1696.712,1629.065,1622.466,16885275648,232012218368
2016-01-27,1720.442,1725.254,1700.153,1618.117,22135271424,302842675200
2016-01-26,1824.4,1826.616,1714.421,1710.437,21398837248,310466740224
2016-01-25,1843.098,1863.377,1845.783,1827.373,16514122752,258879307776
2016-01-22,1820.846,1837.709,1827.337,1772.008,17811779584,276383170560
2016-01-21,1845.578,1895.061,1800.992,1800.992,21004996608,332579241984
2016-01-20,1883.036,1909.46,1876.307,1862.694,22966163456,361463087104
2016-01-19,1825.473,1898.525,1895.749,1820.581,23143458816,360603680768
2016-01-18,1759.493,1851.506,1830.329,1758.19,19337160704,298935812096
2016-01-15,1845.165,1863.357,1796.131,1785.505,22116016128,331743887360
2016-01-14,1732.534,1862.078,1859.37,1729.991,22851268608,334237794304
2016-01-13,1864.192,1880.621,1791.182,1791.098,20894052352,310559473664
2016-01-12,1846.436,1879.198,1855.391,1811.789,21763733504,326613598208
2016-01-11,1934.241,1958.915,1848.102,1847.881,26129924096,377830440960
2016-01-08,2002.212,2021.697,1978.721,1878.491,28514936832,437422194688
2016-01-07,2094.658,2094.658,1958.089,1955.875,7166195200,107974926336
2016-01-06,2090.365,2133.956,2133.956,2071.653,25349724160,414256857088
2016-01-05,2012.61,2121.392,2079.772,2005.393,29429084160,483124051968
2016-01-04,2304.477,2304.491,2119.156,2119.098,20485527552,355284254720
2015-12-31,2352.429,2356.899,2308.907,2308.839,22226173952,432566042624
2015-12-30,2333.625,2352.866,2351.353,2327.126,23173189632,455547781120
2015-12-29,2305.483,2330.355,2330.355,2286.994,21500993536,408793972736
2015-12-28,2367.974,2377.2,2308.377,2308.377,27978235904,528278126592
2015-12-25,2350.943,2366.062,2359.728,2343.765,21433126912,409651445760
2015-12-24,2344.78,2352.812,2346.371,2307.471,23255007232,434137694208
2015-12-23,2381.458,2386.309,2351.064,2345.371,31225325568,576756580352
2015-12-22,2363.277,2379.627,2379.627,2348.96,28839655424,513492549632
2015-12-21,2331.312,2361.515,2357.989,2329.679,29849067520,544467156992
2015-12-18,2341.752,2350.701,2335.603,2322.032,30575269888,593472716800
2015-12-17,2294.204,2342.182,2342.182,2294.204,32853768192,614923042816
2015-12-16,2272.437,2295.098,2280.117,2271.337,23545131008,462743404544
2015-12-15,2242.851,2273.137,2264.722,2242.851,22829381632,438285336576
2015-12-14,2174.715,2239.678,2239.678,2171.258,21494220800,393037807616
2015-12-11,2203.17,2215.396,2195.856,2185.781,20466589696,387813408768
2015-12-10,2212.311,2236.51,2211.862,2206.385,22863894528,449240268800
2015-12-09,2209.171,2230.78,2214.21,2197.173,23296440320,450382299136
2015-12-08,2250.167,2252.254,2221.266,2213.482,26104307712,490750148608
2015-12-07,2237.119,2263.434,2261.407,2222.263,24767039488,470486319104
2015-12-04,2236.771,2260.424,2233.26,2217.212,26807033856,503159160832
2015-12-03,2191.593,2243.943,2243.943,2191.593,24953294848,456594915328
2015-12-02,2191.446,2197.935,2189.314,2121.63,26399991808,469257388032
2015-12-01,2200.858,2226.691,2198.283,2172.206,27022223360,512563544064
2015-11-30,2187.334,2212.954,2203.606,2086.426,32521529344,596628275200
2015-11-27,2311.217,2324.064,2184.113,2168.709,37147516928,678451937280
2015-11-26,2354.424,2358.343,2325.688,2320.455,34966163456,680145059840
2015-11-25,2300.629,2346.366,2343.619,2298.645,32541589504,639101370368
2015-11-24,2266.144,2300.088,2300.088,2247.081,28393068544,530807914496
2015-11-23,2287.469,2310.755,2268.618,2260.052,36238548992,658859819008
2015-11-20,2266.531,2296.151,2285.826,2256.546,36472672256,665595281408
2015-11-19,2197.275,2257.21,2257.21,2196.075,29446742016,531375063040
2015-11-18,2231.91,2246.364,2189.883,2185.185,30614951936,550775422976
2015-11-17,2274.298,2289.137,2231.182,2225.24,40349696000,750831206400
2015-11-16,2161.11,2250.977,2250.977,2159.3,29240823808,539273199616
2015-11-13,2232.524,2245.26,2205.565,2182.067,36299345920,669337714688
2015-11-12,2263.722,2279.852,2259.486,2228.174,40354512896,748758237184
2015-11-11,2211.51,2254.671,2253.212,2202.626,38212485120,673476575232
2015-11-10,2181.281,2222.887,2209.605,2175.066,40091332608,695089233920
2015-11-09,2142.74,2203.66,2191.603,2125.579,42223243264,732033449984
2015-11-06,2094.371,2154.961,2152.43,2094.371,37737058304,630848356352
2015-11-05,2094.14,2123.868,2093.467,2075.587,42913718272,694859661312
2015-11-04,1996.496,2089.29,2089.289,1996.496,33943820288,567976787968
2015-11-03,1993.313,2008.357,1987.47,1968.647,22405132288,381608001536
2015-11-02,1987.949,2047.538,1987.973,1982.139,27469090816,458115219456
2015-10-30,2011.066,2042.682,2014.86,1979.808,29633595392,495291203584
2015-10-29,2011.815,2035.235,2014.396,1983.55,28180961280,455150272512
2015-10-28,2030.233,2057.183,1998.38,1989.85,34152933376,554785439744
2015-10-27,2012.759,2054.939,2043.777,1948.233,36633202688,584103690240
2015-10-26,2042.304,2048.839,2030.479,2003.945,39154749440,652830113792
2015-10-23,1975.093,2024.41,2016.737,1968.432,37897883648,615621001216
2015-10-22,1885.635,1961.6,1959.19,1885.121,32683130880,517713494016
2015-10-21,2008.357,2018.983,1889.133,1882.261,42174595072,653577158656
2015-10-20,1967.579,2008.48,2008.48,1961.24,32894941184,521468968960
2015-10-19,1974.682,1986.227,1969.639,1943.801,35436314624,543478382592
2015-10-16,1954.141,1968.381,1966.962,1928.664,35729727488,534961717248
2015-10-15,1875.44,1941.284,1941.284,1875.44,30849026048,463294889984
2015-10-14,1899.418,1916.423,1884.155,1879.744,29610278912,438863167488
2015-10-13,1873.2,1911.87,1907.121,1867.28,29515622400,431555280896
2015-10-12,1822.219,1903.46,1887.282,1821.717,34134267904,489704390656
2015-10-09,1783.945,1819.174,1811.628,1780.046,24188557312,340152745984
2015-10-08,1771.783,1797.853,1785.392,1759.876,23068794880,328789327872
2015-09-30,1719.191,1727.653,1716.78,1698.673,14980384768,214629367808
2015-09-29,1710.142,1732.529,1711.715,1697.531,17448089600,251208876032
2015-09-28,1698.218,1738.917,1737.919,1678.221,16402103296,238011662336
2015-09-25,1748.268,1759.546,1697.115,1685.372,22674012160,312784125952
2015-09-24,1744.056,1764.636,1757.536,1736.303,22149160960,319239913472
2015-09-23,1721.238,1756.451,1736.444,1717.611,23184402432,321531117568
2015-09-22,1744.032,1770.243,1750.907,1728.519,26389788672,367474769920
2015-09-21,1657.936,1739.051,1738.642,1652.068,22716786688,313439059968
2015-09-18,1668.333,1689.031,1679.095,1648.708,18768099328,254176493568
2015-09-17,1680.004,1729.221,1658.415,1658.415,27371560960,360653914112
2015-09-16,1585.107,1689.724,1683.359,1581.797,23480100864,284792127488
2015-09-15,1616.463,1649.586,1580.256,1574.741,19821443072,233709944832
2015-09-14,1789.429,1794.407,1662.888,1656.492,24088270848,307476922368
2015-09-11,1766.778,1793.938,1781.351,1756.438,19046508544,263289880576
2015-09-10,1770.031,1802.225,1770.375,1762.569,22531418112,311068327936
2015-09-09,1750.355,1809.019,1798.841,1745.654,31192592384,431875751936
2015-09-08,1662.571,1744.678,1741.537,1646.542,20042743808,260251090944
2015-09-07,1689.145,1736.239,1677.332,1665.194,22854055936,299945132032
2015-09-02,1628.182,1739.565,1673.951,1625.733,25917372416,325500239872
2015-09-01,1763.101,1763.101,1707.777,1687.358,24629145600,305204232192
2015-08-31,1832.978,1832.978,1790.31,1780.778,26670256128,365361725440
2015-08-28,1776.44,1848.96,1846.826,1761.27,31598858240,424998043648
2015-08-27,1723.543,1752.212,1752.212,1661.759,27196186624,361016360960
2015-08-26,1746.077,1806.145,1695.758,1672.158,32672716800,432234528768
2015-08-25,1751.281,1801.785,1749.072,1744.868,21874675712,287967313920
2015-08-24,1951.282,1959.06,1882.462,1881.35,19382935552,272871702528
2015-08-21,2114.89,2139.395,2039.396,2035.723,26016079872,418791489536
2015-08-20,2201.119,2234.216,2155.492,2153.754,28375572480,480880820224
2015-08-19,2107.646,2233.885,2222.049,2060.342,33174853632,547112189952
2015-08-18,2331.136,2340.094,2174.419,2166.209,38903492608,667274313728
2015-08-17,2303.863,2329.386,2327.485,2279.425,32680921088,560387850240
2015-08-14,2316.479,2335.966,2310.399,2296.914,32679518208,574008852480
2015-08-13,2239.085,2298.793,2298.793,2222.243,28706246656,497721901056
2015-08-12,2264.241,2296.917,2249.18,2249.177,28511379456,506701479936
2015-08-11,2278.174,2315.131,2284.272,2266.738,35182989312,623124480000
2015-08-10,2198.888,2286.898,2274.842,2192.127,32308072448,574797447168
2015-08-07,2132.343,2177.386,2177.154,2130.491,25188804608,448819265536
2015-08-06,2084.891,2139.987,2113.648,2077.295,20222916608,349617586176
2015-08-05,2148.778,2179.597,2128.416,2112.062,27115079680,476252504064
2015-08-04,2053.056,2150.952,2150.952,2042.126,26160070656,442429177856
2015-08-03,2079.128,2097.374,2053.116,2020.552,24373706752,402308988928
2015-07-31,2096.023,2154.945,2110.622,2082.452,23519152128,417611382784
2015-07-30,2188.002,2229.981,2128.155,2125.338,29945853952,540745826304
2015-07-29,2139.394,2198.821,2198.813,2062.816,29648875520,523082530816
2015-07-28,2059.244,2186.349,2111.698,2024.306,37431103488,618841702400
2015-07-27,2277.624,2340.933,2160.092,2159.285,36443901952,667694661632
2015-07-24,2361.164,2395.966,2322.706,2306.584,40085594112,744183103488
2015-07-23,2292.61,2358.512,2352.649,2280.723,36704350208,654514192384
2015-07-22,2266.607,2296.397,2287.98,2232.476,33490892800,605120430080
2015-07-21,2208.545,2282.486,2265.099,2187.415,31241572352,560591929344
2015-07-20,2208.08,2262.478,2230.292,2184.199,35816517632,631752491008
2015-07-17,2100.162,2204.086,2190.418,2097.225,30700763136,507932540928
2015-07-16,2020.72,2128.901,2086.517,1971.512,32429416448,508193538048
2015-07-15,2158.559,2158.559,2058.843,2053.753,34529542144,545533657088
2015-07-14,2155.691,2200.486,2149.516,2133.709,28563515392,491957813248
2015-07-13,2087.017,2126.44,2120.246,2071.712,23384911872,391782596608
2015-07-10,1991.058,2037.54,2035.26,1986.307,15891522560,247329128448
2015-07-09,1864.689,1955.655,1955.352,1864.689,20745453568,277580709888
2015-07-08,1854.216,1888.187,1884.454,1851.606,30732859392,414188240896
2015-07-07,1970.377,1982.044,1932.832,1918.822,22732402688,301441449984
2015-07-06,2235.981,2235.981,2041.852,1982.327,39633797120,609083654144
2015-07-03,2135.551,2243.573,2098.478,2060.559,31553617920,505096503296
2015-07-02,2333.661,2347.398,2215.814,2191.585,32073508864,552266629120
2015-07-01,2439.092,2523.084,2346.132,2334.438,34874208256,691162644480
2015-06-30,2288.058,2466.439,2464.226,2201.9,39954010112,721379000320
2015-06-29,2547.368,2549.294,2351.403,2308.968,35894693888,631193337856
2015-06-26,2629.506,2632.334,2502.955,2493.79,29466585088,555137957888
2015-06-25,2831.756,2832.426,2716.709,2684.235,33171568640,684557139968
2015-06-24,2799.641,2831.088,2822.734,2746.91,33217343488,675215441920
2015-06-23,2737.091,2774.64,2774.636,2597.658,29292773376,604701196288
2015-06-19,2846.791,2873.673,2742.184,2736.476,28964642816,601166839808
2015-06-18,3015.998,3029.948,2913.6,2908.514,28905971712,675366764544
2015-06-17,2960.466,3030.223,3021.4,2873.095,31241916416,706310897664
2015-06-16,3034.596,3034.596,2962.655,2937.236,35302039552,805377409024
2015-06-15,3151.145,3155.097,3073.07,3067.971,40617836544,930031403008
2015-06-12,3115.85,3156.961,3140.662,3110.033,38507196416,904844607488
2015-06-11,3058.898,3100.935,3100.935,3049.397,35108790272,821410004992
2015-06-10,2979.89,3083.09,3055.58,2957.114,35876134912,810844422144
2015-06-09,2989.271,3025.349,2994.853,2957.071,34716844032,782703525888
2015-06-08,3048.555,3048.555,2999.34,2959.492,42082390016,953235865600
2015-06-05,3065.451,3091.422,3051.955,2991.273,44420239360,1021528571904
2015-06-04,3043.797,3050.627,3023.697,2853.892,40160006144,933840224256
2015-06-03,3051.329,3065.047,3041.412,2962.316,40720175104,965762875392
2015-06-02,2949.823,3029.979,3029.974,2936.658,39649845248,930302394368
2015-06-01,2818.36,2926.962,2926.962,2818.36,36479877120,829892657152
2015-05-29,2751.383,2841.261,2793.254,2641.799,41243725824,900657446912
2015-05-28,2923.869,2967.526,2756.926,2756.836,52204961792,1113595969536
2015-05-27,2904.975,2930.312,2918.024,2842.403,44479520768,991067308032
2015-05-26,2802.041,2884.764,2884.661,2800.82,44692148224,973387595776
2015-05-25,2710.732,2788.965,2785.071,2692.469,42140536832,912116350976
2015-05-22,2756.336,2772.488,2740.917,2685.875,43612905472,953022021632
2015-05-21,2636.249,2713.419,2713.419,2636.249,35576647680,793016598528
2015-05-20,2583.562,2661.88,2619.324,2583.562,37961330688,816056303616
2015-05-19,2518.782,2570.533,2567.287,2500.47,31803985920,699386757120
2015-05-18,2443.651,2507.035,2501.461,2440.872,29549312000,636452470784
2015-05-15,2446.793,2464.374,2442.756,2406.508,31117135872,640341245952
2015-05-14,2453.468,2471.352,2454.198,2434.95,33796022272,696829214720
2015-05-13,2414.728,2469.384,2445.873,2390.153,34702221312,731822686208
2015-05-12,2391.308,2426.439,2425.902,2376.992,33400096768,720769318912
2015-05-11,2301.284,2373.94,2373.916,2290.399,31739418624,668704440320
2015-05-08,2206.231,2272.169,2272.169,2206.231,25423546368,512939720704
2015-05-07,2198.126,2210.768,2181.299,2175.867,22651328512,427043979264
2015-05-06,2226.896,2271.471,2206.709,2194.05,26659721216,516906450944
2015-05-05,2280.976,2282.692,2217.886,2205.439,30063779840,536178163712
2015-05-04,2274.988,2287.725,2281.655,2250.351,26406178816,499171098624
2015-04-30,2266.281,2294.018,2267.773,2266.281,27631869952,546808266752
2015-04-29,2202.598,2258.293,2254.975,2195.221,27250601984,526702477312
2015-04-28,2274.075,2275.344,2208.561,2187.897,33395286016,613771313152
2015-04-27,2275.644,2292.74,2271.275,2251.991,34525265920,636505423872
2015-04-24,2236.1,2263.694,2256.362,2217.241,35316596736,640007012352
2015-04-23,2247.334,2269.956,2256.975,2230.571,37866377216,687742976000
2015-04-22,2194.965,2235.565,2234.461,2194.965,36390428672,651713118208
2015-04-21,2096.268,2174.927,2174.925,2096.268,30927261696,548745740288
2015-04-20,2131.92,2144.991,2093.706,2085.752,37036941312,627495731200
2015-04-17,2143.573,2153.151,2136.27,2126.838,33430124544,588547096576
2015-04-16,2076.042,2148.877,2126.153,2059.129,25965008896,481430405120
2015-04-15,2174.491,2174.491,2101.65,2101.65,31157415936,558136492032
2015-04-14,2190.23,2204.436,2181.887,2163.011,32690909184,614882738176
2015-04-13,2160.003,2192.488,2187.733,2149.368,33280811008,638813339648
2015-04-10,2088.145,2153.007,2149.112,2077.887,29530791936,565353054208
2015-04-09,2111.218,2111.218,2096.972,2026.131,34615058432,648752398336
2015-04-08,2132.872,2133.72,2109.034,2066.196,36142919680,685766868992
2015-04-07,2094.42,2124.093,2124.093,2094.42,34447695872,639256100864
2015-04-03,2035.973,2081.587,2080.395,2027.614,32623357952,602232979456
2015-04-02,2018.499,2043.026,2043.026,2012.818,32176713728,583083687936
2015-04-01,1961.137,2009.146,2005.666,1961.137,28787562496,517514297344
2015-03-31,1957.528,1979.227,1958.403,1950.517,31772860416,553665757184
2015-03-30,1939.058,1951.624,1948.06,1933.378,29805119488,507012284416
2015-03-27,1911.881,1938.146,1935.594,1910.636,23697584128,422710411264
2015-03-26,1935.402,1948.184,1914.226,1897.539,30785759232,560935272448
2015-03-25,1923.691,1955.113,1943.688,1912.555,33324044288,591658745856
2015-03-24,1912.469,1923.923,1922.847,1856.146,39078535168,661351628800
2015-03-23,1864.37,1903.645,1903.644,1864.37,32282079232,546104803328
2015-03-20,1829.242,1853.55,1852.943,1829.242,29787406336,494727856128
2015-03-19,1821.434,1827.858,1827.858,1808.946,31163834368,475854503936
2015-03-18,1783.454,1818.376,1818.376,1779.142,32214585344,486525173760
2015-03-17,1769.824,1785.356,1781.775,1761.008,31538180096,497461690368
2015-03-16,1719.684,1760.193,1760.19,1719.684,25402662912,418529017856
2015-03-13,1688.986,1708.079,1708.079,1688.73,17914822656,287291965440
2015-03-12,1692.283,1694.073,1684.835,1674.068,19846127616,315014938624
2015-03-11,1692.284,1696.574,1689.154,1684.898,19340097536,307062243328
2015-03-10,1672.361,1697.506,1691.981,1671.517,19523072000,312406179840
2015-03-09,1643.165,1672.071,1672.071,1634.571,18494840832,286243389440
2015-03-06,1679.939,1682.723,1651.771,1650.701,20205864960,314927513600
2015-03-05,1673.932,1677.893,1677.766,1663.288,22419591168,355832889344
2015-03-04,1645.475,1673.244,1673.244,1645.475,21830307840,336147578880
2015-03-03,1657.838,1668.547,1644.994,1644.351,25346463744,392286994432
2015-03-02,1640.89,1663.651,1663.651,1637.15,24196079616,373783625728
2015-02-27,1614.143,1630.675,1630.051,1612.625,18201556992,277325316096
2015-02-26,1597.242,1614.731,1614.71,1596.479,16524576768,252743630848
2015-02-25,1615.467,1615.467,1598.304,1593.971,15271303168,244143554560
2015-02-17,1606.808,1612.519,1610.727,1600.958,14936050688,240672358400
2015-02-16,1574.083,1600.047,1600.046,1574.083,16643604480,266324967424
2015-02-13,1551.909,1575.371,1569.561,1551.909,16696781824,260041113600
2015-02-12,1534.51,1546.444,1544.804,1534.229,13383619584,201616408576
2015-02-11,1515.171,1534.7,1533.322,1515.171,12821671936,193548009472
2015-02-10,1488.634,1512.491,1512.49,1488.228,10833819648,166381535232
2015-02-09,1491.919,1500.867,1489.393,1485.95,12054317056,185381306368
2015-02-06,1522.812,1526.04,1495.262,1489.368,15081439232,224832356352
2015-02-05,1544.195,1551.592,1526.113,1526.113,17634615296,271111421952
2015-02-04,1536.65,1543.584,1529.04,1528.188,15653647360,232840265728
2015-02-03,1509.754,1533.833,1533.217,1509.754,14627625984,222717460480
2015-02-02,1494.598,1514.496,1502.891,1489.286,13373903872,189545594880
2015-01-30,1531.454,1537.976,1512.388,1512.388,15549739008,213573550080
2015-01-29,1526.154,1536.282,1529.383,1520.537,15720123392,219873411072
2015-01-28,1545.138,1554.355,1538.856,1534.94,16807463936,252275998720
2015-01-27,1548.347,1554.618,1549.931,1527.087,20400203776,294791380992
2015-01-26,1520.016,1548.753,1548.016,1519.055,18267070464,270396473344
2015-01-23,1532.416,1533.69,1514.297,1508.879,18471657472,275935232000
2015-01-22,1512.503,1530.615,1530.275,1511.153,19275427840,288366362624
2015-01-21,1483.114,1512.68,1512.292,1482.185,21173667840,317667672064
2015-01-20,1432.066,1476.841,1476.841,1432.066,18089007104,275911278592
2015-01-19,1436.699,1474.725,1428.37,1411.918,19538006016,276241088512
2015-01-16,1460.41,1479.752,1478.467,1460.41,14725565440,219919728640
2015-01-15,1445.23,1459.692,1459.692,1445.148,12583158784,186404372480
2015-01-14,1453.62,1456.612,1445.858,1438.927,12186676224,179997360128
2015-01-13,1431.476,1454.259,1452.366,1431.12,12407477248,186315161600
2015-01-12,1436.635,1441.665,1432.56,1422.192,13967474688,191166070784
2015-01-09,1446.887,1467.911,1442.837,1442.819,16163013632,225837416448
2015-01-08,1456.334,1463.464,1451.145,1442.66,16444678144,222247518208
2015-01-07,1458.264,1462.41,1457.447,1446.97,16836333568,228882563072
2015-01-06,1429.099,1463.036,1461.316,1422.437,21161017344,287572197376
2015-01-05,1419.435,1440.574,1436.864,1408.985,21835636736,277925363712
2014-12-31,1397.697,1415.191,1415.191,1393.185,15917799424,208090529792
2014-12-30,1415.873,1418.194,1398.567,1394.848,16569458688,218360446976
2014-12-29,1442.056,1442.056,1418.489,1409.984,20187488256,261652365312
2014-12-26,1425.122,1439.477,1439.477,1423.02,17221128192,221152231424
2014-12-25,1408.422,1424.618,1424.618,1406.483,14876583936,188684910592
2014-12-24,1397.855,1405.035,1404.4,1390.732,15393959936,191800639488
2014-12-23,1404.06,1420.645,1392.619,1391.095,16794272768,206159872000
2014-12-22,1460.534,1460.534,1412.301,1405.692,24346818560,293113790464
2014-12-19,1480.969,1480.969,1465.588,1441.69,21201061888,269701234688
2014-12-18,1488.931,1497.037,1484.259,1483.721,18228715520,254366253056
2014-12-17,1502.139,1502.139,1492.941,1474.969,22890358784,309646622720
2014-12-16,1501.004,1504.48,1503.584,1489.86,21359767552,283998650368
2014-12-15,1477.916,1502.033,1500.564,1473.874,21090093056,285020520448
2014-12-12,1466.683,1481.306,1479.82,1465.019,20365449216,262903447552
2014-12-11,1448.018,1470.005,1465.587,1442.872,23636078592,296280588288
2014-12-10,1401.018,1452.774,1452.528,1394.735,23077715968,304610902016
2014-12-09,1459.777,1474.567,1403.389,1400.999,34579591168,450533490688
2014-12-08,1447.514,1472.707,1466.649,1434.02,27392710656,367328231424
2014-12-05,1486.817,1486.844,1454.634,1416.872,31302445056,411346370560
2014-12-04,1454.873,1482.155,1481.964,1454.665,27371141120,359996817408
2014-12-03,1436.322,1452.955,1452.923,1428.58,28893861888,367899672576
2014-12-02,1410.265,1435.29,1433.496,1408.759,20464971776,265813147648
2014-12-01,1420.796,1420.796,1412.562,1404.435,22416318464,279043735552
2014-11-28,1415.52,1420.321,1420.319,1404.445,23788902400,298268884992
2014-11-27,1409.668,1416.177,1416.177,1403.578,21535901696,270617034752
2014-11-26,1399.39,1407.012,1405.655,1394.753,19632259072,249831948288
2014-11-25,1378.941,1397.41,1397.41,1377.657,19057371136,242062557184
2014-11-24,1373.27,1382.047,1377.791,1367.644,20387620864,244679852032
2014-11-21,1344.893,1359.827,1359.827,1344.893,13259400192,167803731968
2014-11-20,1343.44,1346.632,1344.57,1340.031,10949229568,140840239104
2014-11-19,1337.926,1351.19,1347.359,1337.924,12085571584,155539587072
2014-11-18,1334.588,1340.173,1338.091,1332.3,11478764544,140356272128
2014-11-17,1324.297,1341.916,1335.73,1318.068,12416888832,150836576256
2014-11-14,1321.034,1324.549,1322.62,1314.045,12381509632,147219628032
2014-11-13,1344.34,1344.34,1325.782,1318.537,16094101504,193250852864
2014-11-12,1321.858,1345.412,1345.412,1319.699,12908043264,159346769920
2014-11-11,1367.508,1368.098,1325.731,1315.257,20523726848,243471122432
2014-11-10,1357.168,1365.639,1365.639,1352.301,15853188096,190538317824
2014-11-07,1366.121,1372.995,1354.358,1348.674,17932840960,222516772864
2014-11-06,1352.878,1364.553,1364.534,1347.364,14481816576,175362342912
2014-11-05,1353.603,1357.024,1353.119,1346.351,15929010176,178159304704
2014-11-04,1361.359,1362.824,1353.814,1349.02,17349107712,199311474688
2014-11-03,1352.082,1361.41,1361.379,1351.441,17376010240,195235250176
2014-10-31,1350.984,1355.665,1350.498,1338.787,17517881344,203380981760
2014-10-30,1350.087,1356.133,1349.573,1344.429,17405644800,206557921280
2014-10-29,1336.947,1352.844,1349.975,1334.468,18840350720,226696101888
2014-10-28,1304.988,1333.526,1333.526,1304.988,13937838080,171281367040
2014-10-27,1292.306,1302.392,1302.392,1284.881,10178597888,125463715840
2014-10-24,1296.527,1304.774,1296.643,1292.454,9972230144,121264627712
2014-10-23,1312.714,1317.109,1296.053,1290.784,13324992512,152344494080
2014-10-22,1330.491,1335.719,1316.027,1315.475,12252186624,151097393152
2014-10-21,1340.766,1344.817,1330.766,1329.406,13264412672,160850919424
2014-10-20,1325.838,1340.978,1340.978,1325.249,12932440064,159895224320
2014-10-17,1330.593,1336.508,1323.521,1299.829,16944619520,198071599104
2014-10-16,1344.439,1356.213,1332.897,1332.897,17505435648,207706177536
2014-10-15,1344.706,1351.125,1351.125,1333.304,16656569344,193168900096
2014-10-14,1347.481,1357.848,1345.642,1338.41,17280542720,198282444800
2014-10-13,1345.824,1349.467,1349.467,1330.18,17577824256,202440720384
2014-10-10,1351.642,1357.386,1350.599,1343.006,19613503488,224722649088
2014-10-09,1353.944,1357.859,1355.706,1338.197,20487747584,246571139072
2014-10-08,1338.075,1351.824,1351.824,1331.265,16624708608,207104196608
2014-09-30,1327.396,1334.494,1333.503,1325.048,14956548096,180873199616
2014-09-29,1316.265,1325.234,1324.942,1316.263,16499077120,200319172608
2014-09-26,1307.01,1312.994,1312.603,1302.862,14890604544,174101397504
2014-09-25,1313.246,1321.196,1309.044,1305.285,18222336000,215777656832
2014-09-24,1289.703,1309.141,1309.141,1286.91,17221859328,199238320128
2014-09-23,1275.442,1291.418,1291.418,1275.442,13673545728,161970176000
2014-09-22,1289.802,1289.802,1275.519,1272.501,14648270848,169424175104
2014-09-19,1280.242,1292.019,1291.228,1277.83,13759328256,159096848384
2014-09-18,1269.514,1279.427,1279.427,1266.287,14702178304,156743188480
2014-09-17,1264.154,1271.337,1271.337,1252.112,16244836352,176698867712
2014-09-16,1305.439,1306.161,1263.041,1262.801,23587506176,257379811328
2014-09-15,1294.655,1305.079,1304.201,1290.956,18638252032,219483389952
2014-09-12,1282.185,1294.789,1294.789,1279.001,16046978048,184589172736
2014-09-11,1285.45,1299.974,1283.027,1275.926,19785252864,234172366848
2014-09-10,1276.148,1286.27,1285.181,1270.098,16994907136,196591747072
2014-09-09,1275.122,1279.524,1279.516,1266.084,17056290816,197222236160
2014-09-05,1270.741,1273.715,1273.681,1263.647,17544732672,204840435712
2014-09-04,1259.871,1268.561,1268.561,1256.16,17628229632,212869021696
2014-09-03,1251.494,1260.358,1258.743,1249.357,17573304320,210919407616
2014-09-02,1235.6,1249.061,1249.061,1234.52,15889687552,191994068992
2014-09-01,1213.591,1232.564,1232.56,1213.591,11771875328,142316273664
2014-08-29,1198.377,1212.256,1212.256,1197.556,9122010112,107569184768
2014-08-28,1209.325,1211.792,1198.708,1195.631,11216904192,127475949568
2014-08-27,1202.001,1211.992,1209.204,1202.001,11077434368,128411099136
2014-08-26,1220.688,1223.62,1202.464,1198.162,14014030848,160445333504
2014-08-25,1233.249,1233.249,1223.067,1219.803,13769387008,163448258560
2014-08-22,1223.499,1233.939,1232.504,1222.431,14261601280,170428596224
2014-08-21,1222.908,1223.827,1223.827,1208.943,15123521536,171272192000
2014-08-20,1222.926,1228.202,1222.116,1218.652,16051082240,178818678784
2014-08-19,1221.513,1225.456,1223.087,1214.344,17827317760,201472098304
2014-08-18,1204.102,1218.745,1218.731,1204.102,16202433536,180149518336
2014-08-15,1188.275,1202.226,1201.175,1186.763,14284481536,155100119040
2014-08-14,1193.773,1200.738,1187.953,1187.237,14941630464,162556723200
2014-08-13,1194.786,1198.103,1194.811,1181.245,14823285760,162789933056
2014-08-12,1191.441,1194.943,1194.943,1188.584,13755470848,155680178176
2014-08-11,1176.28,1191.358,1191.358,1176.28,13297068032,149161443328
2014-08-08,1167.759,1176.745,1174.41,1167.52,11857887232,129892704256
2014-08-07,1177.351,1183.088,1166.496,1166.185,14404766720,149775499264
2014-08-06,1169.452,1179.29,1177.332,1164.732,14760178688,151536205824
2014-08-05,1165.141,1172.762,1172.762,1158.762,14617274368,156799877120
2014-08-04,1149.624,1164.322,1164.322,1149.438,13142227968,138345299968
2014-08-01,1156.434,1164.249,1148.29,1146.754,15431215104,160957710336
2014-07-31,1150.123,1160.016,1160.013,1148.072,13346798592,142407630848
2014-07-30,1144.826,1151.822,1150.561,1142.915,14244609024,152502632448
2014-07-29,1135.137,1149.194,1145.738,1132.944,15026703360,157227794432
2014-07-28,1115.12,1134.28,1133.833,1115.12,15116067840,149692956672
2014-07-25,1101.594,1111.535,1111.524,1100.956,10823759872,106480533504
2014-07-24,1101.829,1106.792,1101.092,1089.889,12518188032,126498217984
2014-07-23,1114.461,1116.16,1102.731,1098.553,11374190592,119695941632
2014-07-22,1098.743,1114.775,1114.757,1098.498,10351298560,110547861504
2014-07-21,1100.878,1103.05,1100.085,1095.031,8596875264,94177206272
2014-07-18,1095.726,1107.287,1101.255,1094.482,8976614400,95046246400
2014-07-17,1103.678,1104.183,1099.053,1092.389,9126162432,97197948928
2014-07-16,1115.397,1118.45,1105.224,1101.361,11462259712,123682611200
2014-07-15,1120.26,1120.975,1116.754,1110.095,13150184448,144806641664
2014-07-14,1108.731,1121.058,1121.045,1106.351,11937076224,136851111936
2014-07-11,1100.602,1110.906,1107.815,1099.889,10721009664,119979958272
2014-07-10,1102.025,1107.474,1100.863,1099.361,10397134848,120662622208
2014-07-09,1119.119,1121.979,1102.427,1102.409,12435087360,147327860736
2014-07-08,1110.906,1120.376,1120.376,1103.13,10843805696,127076777984
2014-07-07,1113.841,1116.709,1111.825,1106.631,10489861120,121341804544
2014-07-04,1114.699,1116.058,1113.551,1110.709,11319333888,128566689792
2014-07-03,1106.78,1116.782,1113.909,1103.833,12629235712,138664263680
2014-07-02,1102.004,1106.938,1106.938,1095.823,11433667584,130097479680
2014-07-01,1097.803,1101.723,1101.723,1094.639,10995918848,125158883328
2014-06-30,1087.697,1096.784,1096.784,1085.543,10971029504,123125334016
2014-06-27,1080.565,1091.677,1086.976,1078.344,10676686848,119480418304
2014-06-26,1064.461,1081.314,1080.332,1064.461,9221701632,109588987904
2014-06-25,1067.691,1067.691,1064.234,1059.291,7240086528,84267884544
2014-06-24,1061.398,1068.501,1068.501,1061.228,7576989184,87419371520
2014-06-23,1052.026,1064.408,1061.259,1052.026,7286218752,84971790336
2014-06-20,1039.869,1050.37,1050.114,1038.641,6693548544,71794466816
2014-06-19,1067.891,1070.209,1040.421,1034.773,9100792832,99490832384
2014-06-18,1075.858,1077.315,1068.721,1068.259,8688474112,96521125888
2014-06-17,1085.295,1085.295,1075.805,1075.406,8969806848,105372377088
2014-06-16,1080.224,1087.366,1086.534,1080.224,9437011968,114351112192
2014-06-13,1065.33,1080.392,1079.361,1064.889,9324493824,110855929856
2014-06-12,1066.762,1070.206,1066.556,1063.114,8032524800,94733451264
2014-06-11,1062.293,1069.722,1068.927,1060.92,7982760960,96990420992
2014-06-10,1049.868,1063.885,1063.884,1046.039,7593689600,92402450432
2014-06-09,1053.599,1058.706,1049.307,1048.778,6645222912,78136205312
2014-06-06,1058.654,1060.808,1055.559,1049.885,7181472256,86017753088
2014-06-05,1043.243,1058.299,1058.299,1042.33,6816558080,81759543296
2014-06-04,1051.648,1051.648,1044.429,1035.942,6840848896,78925422592
2014-06-03,1054.184,1059.159,1052.884,1052.742,6851099648,79922757632
2014-05-30,1050.176,1057.008,1053.751,1044.166,7373429248,86212157440
2014-05-29,1063.519,1065.793,1050.578,1050.503,8232319488,99012173824
2014-05-28,1048.697,1063.319,1063.221,1047.341,8525296128,100667867136
2014-05-27,1052.024,1054.172,1048.81,1047.321,6774258176,81728536576
2014-05-26,1044.564,1052.795,1052.795,1044.564,7394481664,92790267904
2014-05-23,1028.262,1040.46,1040.46,1026.474,6394201088,74996391936
2014-05-22,1028.503,1040.517,1028.684,1028.354,7165384192,81570471936
2014-05-21,1015.841,1028.0,1028.0,1008.464,5576693760,63100424192
2014-05-20,1019.006,1028.184,1018.502,1015.852,5757505024,68214554624
2014-05-19,1017.112,1017.119,1014.188,1006.539,5368294400,58365743104
2014-05-16,1020.583,1022.655,1019.364,1008.455,5907756544,66298843136
2014-05-15,1039.137,1040.118,1022.514,1021.649,6703247872,75443396608
2014-05-14,1038.737,1043.266,1040.807,1036.601,6507637760,67621351424
2014-05-13,1040.056,1044.68,1039.385,1035.962,7617347072,78157783040
2014-05-12,1023.341,1040.562,1040.536,1020.019,8571341312,85356249088
2014-05-09,1025.518,1026.308,1017.687,1009.727,6387874816,68819066880
2014-05-08,1025.088,1040.207,1026.196,1023.158,6501686784,69768413184
2014-05-07,1041.212,1041.212,1027.989,1027.612,6565128704,74145996800
2014-05-06,1035.95,1049.649,1044.2,1035.265,6862928384,79542263808
2014-05-05,1025.431,1037.033,1037.033,1021.548,5768693760,64636198912
2014-04-30,1019.236,1027.947,1027.575,1018.142,5481415168,60257234944
2014-04-29,1004.926,1019.839,1019.838,1004.926,5958500352,64655028224
2014-04-28,1032.713,1032.713,1007.271,1006.67,8039793152,82243452928
2014-04-25,1056.124,1057.149,1036.716,1036.607,7774922752,81056694272
2014-04-24,1063.633,1065.745,1057.307,1054.275,6760946176,76806791168
2014-04-23,1065.218,1072.153,1064.929,1060.578,6379811840,73194668032
2014-04-22,1073.062,1077.155,1066.497,1051.495,8064545280,91581210624
2014-04-21,1083.042,1092.823,1074.779,1074.166,8010812928,92285870080
2014-04-18,1083.704,1089.682,1089.358,1080.55,6604864512,76151078912
2014-04-17,1086.444,1090.589,1086.232,1085.503,7303602176,83025149952
2014-04-16,1083.211,1087.501,1085.058,1079.469,7484456960,82875531264
2014-04-15,1093.47,1093.47,1085.959,1084.127,8938364928,97226743808
2014-04-14,1087.791,1094.504,1094.413,1087.537,8129304064,92002902016
2014-04-11,1088.455,1090.687,1088.102,1081.984,8792883200,99422027776
2014-04-10,1089.365,1096.857,1092.696,1087.33,10582658048,120758714368
2014-04-09,1079.392,1087.888,1087.885,1079.392,8569610240,100850810880
2014-04-08,1062.92,1078.201,1078.201,1060.92,8594777088,94351237120
2014-04-04,1053.18,1068.069,1068.068,1050.832,7048082944,78156914688
2014-04-03,1055.713,1063.547,1055.581,1051.238,7971227648,85450678272
2014-04-02,1057.697,1060.876,1055.12,1051.923,8068891136,85962489856
2014-04-01,1038.667,1057.058,1057.008,1038.395,6562421248,73520209920
2014-03-31,1044.09,1048.597,1039.879,1033.661,7059791872,76410044416
2014-03-28,1064.518,1066.827,1044.141,1041.459,10246834176,108765233152
2014-03-27,1087.309,1087.309,1067.323,1067.323,9787722752,105799417856
2014-03-26,1084.698,1090.743,1088.855,1084.474,8758848512,96268189696
2014-03-25,1082.23,1088.42,1083.311,1077.214,10673836032,105463144448
2014-03-24,1083.542,1088.696,1085.48,1077.977,11054850048,114558074880
2014-03-21,1059.264,1085.986,1084.496,1050.2,10773565440,116279001088
2014-03-20,1092.068,1098.237,1065.426,1065.426,10399154176,118693847040
2014-03-19,1097.139,1097.139,1094.444,1084.207,9680354304,111542116352
2014-03-18,1097.15,1107.223,1099.902,1096.368,9268217856,117073428480
2014-03-17,1075.638,1096.355,1096.355,1075.373,8434320896,101298806784
2014-03-14,1074.218,1081.047,1074.192,1066.787,7877761024,89804234752
2014-03-13,1062.863,1078.348,1078.348,1062.863,8102078976,93755596800
2014-03-12,1061.473,1072.233,1062.785,1047.021,9173926912,105717276672
2014-03-11,1060.561,1072.03,1064.295,1053.793,8611937280,103269466112
2014-03-10,1093.354,1093.354,1064.06,1062.67,10386962432,122493755392
2014-03-07,1105.092,1111.788,1102.282,1097.419,9931967488,125183909888
2014-03-06,1101.509,1108.197,1105.691,1086.477,10212350976,127235948544
2014-03-05,1108.355,1111.574,1103.673,1101.716,10170420224,126748016640
2014-03-04,1105.838,1108.382,1106.348,1094.098,11022382080,138567041024
2014-03-03,1090.565,1109.445,1109.412,1088.937,10788784128,134659981312
2014-02-28,1072.958,1090.886,1090.865,1063.762,10558061568,132510547968
2014-02-27,1097.329,1110.507,1075.48,1074.471,12462353408,158858199040
2014-02-26,1081.678,1094.739,1094.734,1066.245,11586967552,140839272448
2014-02-25,1135.587,1142.947,1089.216,1083.227,15459976192,203143643136
2014-02-24,1130.499,1134.192,1134.192,1114.938,11802814464,147329564672
2014-02-21,1136.94,1143.004,1135.011,1125.42,10628139008,131333865472
2014-02-20,1157.612,1159.725,1139.269,1135.686,13794701312,164903583744
2014-02-19,1154.868,1162.053,1157.198,1146.965,14050501632,174520565760
2014-02-18,1160.921,1160.924,1155.623,1150.991,14230566912,186401734656
2014-02-17,1143.15,1160.386,1160.386,1142.707,13944876032,181841985536
2014-02-14,1119.065,1138.389,1138.389,1117.604,11197946880,146408652800
2014-02-13,1138.064,1140.681,1119.933,1119.868,13578866688,175834300416
2014-02-12,1127.338,1139.041,1139.041,1122.155,12895737856,167340081152
2014-02-11,1128.859,1133.861,1127.221,1114.561,13956488192,181512175616
2014-02-10,1102.47,1128.437,1128.06,1102.47,13503781888,175051227136
2014-02-07,1075.053,1098.685,1098.685,1071.973,8507683328,112603291648
2014-01-30,1087.904,1088.638,1081.269,1078.378,7197811712,98437775360
2014-01-29,1081.119,1089.855,1089.004,1080.414,8384484864,111253315584
2014-01-28,1084.002,1089.121,1079.843,1070.513,8532411392,109588602880
2014-01-27,1084.497,1093.047,1083.21,1077.552,10990188544,135727292416
2014-01-24,1073.328,1092.472,1089.529,1072.027,10922949632,142489255936
2014-01-23,1067.414,1079.601,1075.475,1066.219,10079618048,133613445120
2014-01-22,1043.554,1067.055,1067.054,1043.554,10369504256,129110441984
2014-01-21,1026.197,1042.587,1042.587,1026.197,7427098112,95444336640
2014-01-20,1034.024,1038.794,1026.938,1021.14,6843372032,86363299840
2014-01-17,1043.536,1045.026,1036.033,1035.355,6964230144,86511837184
2014-01-16,1047.809,1053.035,1046.169,1043.396,7916054016,98213298176
2014-01-15,1039.049,1047.305,1047.305,1038.143,7796976128,96034635776
2014-01-14,1019.492,1039.626,1039.625,1018.184,7743588352,88193261568
2014-01-13,1021.412,1029.84,1019.469,1013.26,6790361600,79345082368
2014-01-10,1035.141,1037.615,1021.593,1018.65,7464718848,86053511168
2014-01-09,1051.275,1060.895,1038.624,1038.48,8890737664,112487473152
2014-01-08,1046.464,1059.217,1053.77,1046.229,8621747200,110955651072
2014-01-07,1032.752,1044.674,1044.666,1030.785,7083098112,84888199168
2014-01-06,1063.486,1063.486,1038.336,1037.621,9028792320,105665822720
2014-01-03,1065.777,1069.067,1065.687,1060.382,8876057600,110628921344
2014-01-02,1055.882,1068.104,1068.103,1054.191,7652367360,95994232832
2013-12-31,1050.375,1057.665,1057.665,1045.433,7487373312,90229071872
2013-12-30,1054.377,1057.608,1054.218,1050.273,7961232896,95830220800
2013-12-27,1031.46,1053.847,1050.853,1031.46,7813887488,93630046208
2013-12-26,1050.161,1051.048,1032.599,1032.302,7666420736,94131470336
2013-12-25,1035.534,1050.991,1050.991,1032.969,7015777792,86724304896
2013-12-24,1026.792,1042.141,1034.785,1025.572,6371280384,77386776576
2013-12-23,1026.112,1028.807,1025.582,1010.08,6102474240,71571488768
2013-12-20,1040.191,1043.272,1026.235,1022.922,6908408832,78667874304
2013-12-19,1048.398,1053.344,1039.903,1039.56,6546586112,76869361664
2013-12-18,1047.795,1051.892,1046.837,1042.46,6234248704,73481691136
2013-12-17,1053.887,1055.811,1047.491,1043.405,7101362176,82812338176
2013-12-16,1068.863,1069.397,1054.686,1052.395,8678723584,100995227648
2013-12-13,1058.142,1070.774,1068.186,1055.435,7768810496,91012677632
2013-12-12,1054.734,1069.189,1064.05,1054.603,7742410240,91796037632
2013-12-11,1062.687,1062.912,1056.778,1049.516,8587981312,94275895296
2013-12-10,1067.695,1069.953,1066.347,1059.971,9284269056,101841985536
2013-12-09,1058.516,1066.729,1066.729,1058.516,8276916224,96653844480
2013-12-06,1055.858,1060.336,1055.865,1051.81,8601337856,95455240192
2013-12-05,1062.822,1066.339,1058.007,1055.696,10250278912,115625328640
2013-12-04,1051.328,1073.907,1064.017,1050.066,11734091776,133099560960
2013-12-03,1025.406,1055.162,1053.292,1023.474,9579053056,111658737664
2013-12-02,1061.802,1071.999,1035.537,1031.463,13584706560,152633753600
2013-11-29,1079.89,1090.519,1089.603,1079.89,10386495488,130077483008
2013-11-28,1070.92,1085.913,1079.882,1070.883,11299929088,129921179648
2013-11-27,1053.763,1069.319,1069.257,1053.148,9715433472,118744604672
2013-11-26,1050.754,1057.746,1054.65,1047.782,8627302400,101845000192
2013-11-25,1049.156,1060.21,1052.195,1046.697,9085500416,101789147136
2013-11-22,1056.687,1059.639,1052.708,1050.062,9883204608,104945385472
2013-11-21,1056.826,1058.157,1055.923,1047.483,10874614784,119152230400
2013-11-20,1057.229,1060.799,1060.791,1050.401,9872588800,107088896000
2013-11-19,1052.938,1057.233,1054.049,1048.404,10282692608,115448750080
2013-11-18,1034.956,1052.129,1052.129,1034.149,11150458880,125501054976
2013-11-15,1011.595,1038.625,1029.712,1011.595,10055984128,115773620224
2013-11-14,995.237,1011.121,1011.107,988.476,7397694976,85139177472
2013-11-13,1011.241,1011.241,996.367,996.29,6977887232,75535925248
2013-11-12,1005.241,1014.648,1014.187,1002.364,6799264256,76049235968
2013-11-11,996.537,1008.689,1004.943,990.393,5915792384,65171496960
2013-11-08,1006.204,1009.73,997.881,994.606,6988244480,74126630912
2013-11-07,1020.551,1022.997,1011.255,1008.088,7365076480,79244845056
2013-11-06,1031.761,1040.249,1023.862,1023.862,9164519424,99046645760
2013-11-05,1017.882,1034.625,1034.612,1009.823,8020894720,86284279808
2013-11-04,1018.246,1027.027,1021.47,1017.691,6568829440,72190287872
2013-11-01,1017.529,1021.87,1016.97,1006.274,7394782208,79309463552
2013-10-31,1032.774,1032.786,1021.042,1019.956,9213219840,95103303680
2013-10-30,1016.83,1035.235,1035.201,1015.473,9154345984,97686044672
2013-10-29,1037.056,1045.937,1019.04,993.228,12284483584,127027208192
2013-10-28,1038.952,1041.23,1037.849,1031.463,8331502592,90162651136
2013-10-25,1059.598,1064.653,1039.94,1033.632,9660690432,108626501632
2013-10-24,1062.376,1067.614,1058.78,1056.801,8481933312,94708965376
2013-10-23,1087.685,1090.281,1065.221,1059.961,12465676288,137160056832
2013-10-22,1101.575,1106.265,1088.548,1086.367,13792716800,159017779200
2013-10-21,1076.423,1101.594,1101.594,1076.423,12040201216,137965551616
2013-10-18,1066.546,1076.124,1074.125,1064.616,8932313088,102704898048
2013-10-17,1070.288,1079.22,1066.532,1063.793,11036803072,122315227136
2013-10-16,1091.504,1091.504,1066.332,1061.43,12520307712,138140352512
2013-10-15,1097.981,1098.874,1094.582,1086.873,12936998912,146734678016
2013-10-14,1088.275,1098.224,1097.058,1085.959,12940874752,148024803328
2013-10-11,1079.454,1087.801,1087.443,1077.351,11993724928,136234270720
2013-10-10,1085.774,1086.671,1076.849,1073.281,12347616256,142488584192
2013-10-09,1072.31,1084.876,1084.876,1069.421,10624312320,127462547456
2013-10-08,1057.433,1075.09,1074.799,1055.073,10131381248,122187341824
2013-09-30,1046.05,1056.551,1056.551,1046.05,7499313664,90127851520
2013-09-27,1039.969,1047.651,1043.741,1039.949,8303148544,96202366976
2013-09-26,1051.79,1054.704,1039.855,1039.315,10316805120,115746201600
2013-09-25,1058.513,1062.45,1054.067,1052.433,11400526848,128247840768
2013-09-24,1059.588,1061.728,1059.808,1048.942,11296098304,129509654528
2013-09-23,1038.809,1059.742,1059.742,1038.809,10042310656,115092742144
2013-09-18,1028.965,1036.519,1036.512,1026.05,7971536384,90808246272
2013-09-17,1045.106,1045.106,1030.247,1030.025,9813684224,105208152064
2013-09-16,1042.95,1049.916,1045.244,1041.531,9887496192,108347949056
2013-09-13,1035.054,1043.381,1041.491,1032.619,10284984320,105609256960
2013-09-12,1031.478,1038.731,1035.0,1030.005,11194811392,110977261568
2013-09-11,1044.303,1044.785,1034.517,1029.475,15100349440,148537147392
2013-09-10,1040.754,1044.578,1044.578,1034.798,12928872448,134492528640
2013-09-09,1033.36,1040.774,1039.907,1031.166,12327608320,131906027520
2013-09-06,1024.321,1031.699,1030.755,1023.21,9450185728,104024522752
2013-09-05,1023.212,1028.217,1025.828,1020.24,9823492096,107612372992
2013-09-04,1023.507,1027.455,1023.806,1020.093,10453829632,105855598592
2013-09-03,1009.321,1023.799,1023.793,1008.49,10169793536,103195721728
2013-09-02,995.674,1008.183,1008.041,991.927,9485488128,95280439296
2013-08-30,1013.099,1017.404,996.701,992.607,12267767808,125667311616
2013-08-29,1016.851,1020.165,1014.443,1008.957,9976792064,104047386624
2013-08-28,1023.034,1026.18,1016.258,1014.631,11679940608,128253624320
2013-08-27,1023.147,1029.446,1029.446,1018.289,9941888000,109902979072
2013-08-26,1006.298,1023.592,1023.592,1006.298,9892332544,111994683392
2013-08-23,1008.895,1012.703,1004.931,986.392,10792022016,123275436032
2013-08-22,1002.323,1010.474,1006.687,1001.027,9446065152,103473242112
2013-08-21,999.16,1003.833,1003.829,993.477,8876755968,95130509312
2013-08-20,998.283,1007.95,998.841,993.515,9201917952,102594510848
2013-08-19,974.324,999.321,999.294,973.212,8483897856,92641738752
2013-08-16,996.231,1014.906,980.608,979.761,11566412800,121723035648
2013-08-15,1011.726,1014.818,1001.048,1000.736,9229921280,102175858688
2013-08-14,1015.278,1019.801,1012.8,1008.803,10797634560,113000185856
2013-08-13,1009.071,1014.972,1014.972,1005.006,10259564544,104243781632
2013-08-12,999.303,1009.134,1009.134,998.668,11393122304,122889134080
2013-08-09,996.917,1003.987,996.424,983.962,9542885376,105991118848
2013-08-08,988.744,1000.944,994.641,987.45,8747762688,97636671488
2013-08-07,1002.045,1005.187,990.777,989.234,11004280832,119993647104
2013-08-06,990.815,1004.892,1002.366,988.102,10935985152,120161517568
2013-08-05,975.439,991.544,991.544,974.818,9113440256,101306597376
2013-08-02,976.878,985.972,975.4,974.707,10427708416,117226790912
2013-08-01,945.422,971.707,971.707,944.917,9685608448,107064320000
2013-07-31,944.396,951.874,942.965,939.982,7569119232,82802163712
2013-07-30,942.126,947.664,938.866,922.345,8123181056,88995315712
2013-07-29,954.874,956.393,941.325,939.779,8323111424,91182530560
2013-07-26,957.78,965.753,959.992,946.532,8504417792,93473718272
2013-07-25,981.243,984.278,961.817,958.754,10831377408,123368259584
2013-07-24,972.517,983.142,980.972,964.245,11247362048,131686301696
2013-07-23,950.845,974.435,974.434,950.845,10918578176,124012847104
2013-07-22,925.48,948.274,948.274,921.7,8302012928,94514339840
2013-07-19,952.522,961.659,931.652,931.652,10637831168,119013392384
2013-07-18,953.311,960.655,952.614,944.984,8990005248,99616727040
2013-07-17,968.801,974.639,956.503,952.689,10125391872,111589851136
2013-07-16,961.691,971.404,971.402,956.161,10154352640,112369221632
2013-07-15,943.382,961.819,961.412,943.382,9859376128,112147333120
2013-07-12,944.922,956.646,940.194,939.737,10233506816,111162392576
2013-07-11,919.761,952.888,945.254,919.586,12086157312,119793246208
2013-07-10,892.936,918.396,918.396,891.924,8028458496,83580796928
2013-07-09,887.951,895.098,892.925,882.594,5799635968,62733447168
2013-07-08,908.754,911.482,889.531,888.585,7838167040,80500293632
2013-07-05,929.907,938.984,922.443,922.443,8552031232,92271190016
2013-07-04,917.091,939.597,928.578,912.181,9561440256,104227282944
2013-07-03,919.305,925.36,923.082,903.329,8782046208,99548053504
2013-07-02,907.209,922.861,922.234,905.732,8391802368,96563494912
2013-07-01,884.976,906.427,906.427,881.834,7065196032,77341196288
2013-06-28,880.855,905.757,887.68,872.237,7975185408,80548290560
2013-06-27,903.487,915.961,886.91,886.661,9515502592,101703548928
2013-06-26,881.347,901.721,901.721,875.532,9142213632,98179579904
2013-06-25,871.285,883.532,879.934,815.894,10938511360,105235079168
2013-06-24,936.761,936.761,881.869,874.349,8935334912,88535482368
2013-06-21,924.792,944.388,939.165,913.391,7031437312,74054934528
2013-06-20,969.438,970.461,942.059,941.723,6998298624,77191266304
2013-06-19,974.881,975.494,975.069,959.504,7158711296,78985674752
2013-06-18,978.332,981.85,979.428,966.693,6914064896,78413930496
2013-06-17,977.599,985.391,977.657,971.026,7642826240,92493963264
2013-06-14,956.803,977.088,975.646,956.803,7341212160,84075528192
2013-06-13,971.015,971.015,955.261,936.641,7808035840,81049124864
2013-06-07,999.426,1004.478,983.459,977.947,8242238464,88928083968
2013-06-06,1009.717,1011.908,998.884,998.152,7753985536,83637559296
2013-06-05,1006.385,1014.07,1012.599,1003.537,7078074880,78747271168
2013-06-04,1026.585,1026.585,1007.094,999.566,9917581312,104563294208
2013-06-03,1034.798,1039.177,1027.589,1025.196,9416807424,107405803520
2013-05-31,1044.437,1047.071,1035.8,1035.775,10251089920,115921174528
2013-05-30,1040.09,1045.541,1043.472,1037.46,10460533760,114634735616
2013-05-29,1037.52,1044.273,1042.604,1036.859,10896029696,117388443648
2013-05-28,1037.202,1038.564,1036.409,1022.334,11373500416,126627020800
2013-05-27,1029.624,1037.194,1037.194,1028.678,10598142976,121788342272
2013-05-24,1015.121,1029.303,1029.303,1015.121,9516232704,107378597888
2013-05-23,1017.028,1030.338,1014.47,1011.584,11592763392,121342509056
2013-05-22,1029.392,1032.652,1021.399,1016.633,12058310656,136656412672
2013-05-21,1016.13,1030.744,1030.744,1015.069,12457346048,141884162048
2013-05-20,1004.921,1018.305,1016.915,1003.415,12459338752,145490984960
2013-05-17,985.486,1003.765,1002.541,985.055,10962666496,119950884864
2013-05-16,974.483,990.608,986.269,971.535,10400967680,121151102976
2013-05-15,960.908,975.646,975.646,960.908,7562220544,87496138752
2013-05-14,973.292,973.292,960.813,955.031,7847433216,87841636352
2013-05-13,971.692,974.4,974.199,967.203,8101444096,89938567168
2013-05-10,965.404,973.235,971.363,961.777,8449058816,98080555008
2013-05-09,964.773,968.169,967.693,957.125,9256427520,108602703872
2013-05-08,957.597,965.407,965.407,956.129,8357785600,94085677056
2013-05-07,952.26,958.956,955.327,948.337,7581322240,87101874176
2013-05-06,938.673,955.1,953.978,938.673,8169105408,94302961664
2013-05-03,920.631,940.917,936.577,920.631,7304449024,82390474752
2013-05-02,908.493,918.545,918.482,905.712,5306816000,60808441856
2013-04-26,927.905,930.969,912.618,911.174,6701046784,73630244864
2013-04-25,941.334,947.205,927.796,927.796,8764986368,99728343040
2013-04-24,923.074,945.869,943.778,921.714,8015486976,91186110464
2013-04-23,949.044,949.044,923.418,922.427,7882102784,87800758272
2013-04-22,940.163,949.1,949.1,939.518,8116645376,89380151296
2013-04-19,924.072,945.641,943.42,924.072,7820206592,86350798848
2013-04-18,915.441,927.384,923.141,912.899,5457745408,62918643712
2013-04-17,909.812,919.934,919.865,909.508,5165173248,58652262400
2013-04-16,892.845,910.056,909.948,890.456,5241454080,54598025216
2013-04-15,909.723,910.171,900.464,897.619,5117808128,52553486336
2013-04-12,917.951,923.117,912.647,911.79,5125096448,54496137216
2013-04-11,924.674,927.177,919.116,918.599,5352414208,56510812160
2013-04-10,925.677,928.238,921.856,914.506,5841697280,66157498368
2013-04-09,919.253,928.819,926.215,919.253,6075990016,65982394368
2013-04-08,901.173,918.503,918.503,892.481,6495863296,71055089664
2013-04-03,922.197,924.812,913.322,909.802,6292944384,66102812672
2013-04-02,934.154,943.407,921.415,919.761,6931579392,76203950080
2013-04-01,927.205,937.09,933.691,926.4,5929516544,64245563392
2013-03-29,930.72,934.499,927.894,925.012,5633477120,61103378432
2013-03-28,947.89,947.89,930.14,929.948,7694851072,82560581632
2013-03-27,953.059,963.055,955.24,948.928,6713622016,74124173312
2013-03-26,956.952,957.904,953.364,942.508,7122657792,77648248832
2013-03-25,962.03,964.801,959.931,954.324,7109158912,76951707648
2013-03-22,957.246,962.594,960.836,954.22,7358418432,78394884096
2013-03-21,950.029,961.776,958.389,949.201,8393441280,91576860672
2013-03-20,924.535,949.819,949.819,924.396,7992820736,85528936448
2013-03-19,922.801,927.498,924.529,910.93,6201233920,66627936256
2013-03-18,930.059,935.996,922.574,921.599,6184375808,69607473152
2013-03-15,930.443,948.386,933.297,920.958,7249530368,80855769088
2013-03-14,924.312,935.281,930.603,923.307,5424143872,59904143360
2013-03-13,933.2,933.427,927.076,917.976,6558270976,68501508096
2013-03-12,957.764,964.021,935.379,924.557,8941588480,94340579328
2013-03-11,956.492,963.099,958.43,950.063,6694473216,69977243648
2013-03-08,968.322,972.178,958.231,957.474,7868680704,85486288896
2013-03-07,977.612,980.095,968.34,958.716,11439091712,123162509312
2013-03-06,967.534,979.331,979.188,967.534,11823939584,126199021568
2013-03-05,941.834,964.713,964.678,938.555,9377604608,103791337472
2013-03-04,966.416,966.533,942.795,936.789,12255716352,130431123456
2013-03-01,966.212,977.361,977.357,964.309,9564130304,108726280192
2013-02-28,948.56,966.416,966.416,944.754,8958773248,99117760512
2013-02-27,944.995,953.532,945.858,938.063,7343890432,81920262144
2013-02-26,951.917,961.173,943.329,942.592,8607935488,98311077888
2013-02-25,949.065,958.275,955.789,948.205,6949848064,79568633856
2013-02-22,948.348,957.218,947.689,946.493,7320854016,84264779776
2013-02-21,963.164,963.164,950.008,941.345,10389643264,113866661888
2013-02-20,950.81,969.379,969.379,950.234,8404539392,92805914624
2013-02-19,969.459,970.042,951.709,948.325,9025588224,95280201728
2013-02-18,973.838,975.394,970.092,964.183,8579951104,94544945152
2013-02-08,956.036,973.646,969.524,956.036,7562096640,86608560128
2013-02-07,950.956,958.391,956.726,947.184,7182747136,80913088512
2013-02-06,947.158,954.583,951.524,947.158,7501798400,82779807744
2013-02-05,931.532,947.601,946.999,929.732,8668781568,90738704384
2013-02-04,945.813,947.77,935.801,931.941,10260603904,110256865280
2013-02-01,934.075,944.28,944.28,932.341,9096906752,97242882048
2013-01-31,942.159,942.776,936.208,932.128,8955764736,93828849664
2013-01-30,941.265,944.165,942.601,934.37,9767403520,102362120192
2013-01-29,933.584,943.354,941.276,932.413,9600572416,105613328384
2013-01-28,909.635,932.606,932.606,909.635,8458125312,91116961792
2013-01-25,910.05,914.924,909.515,906.116,6850772480,71900078080
2013-01-24,930.038,940.782,911.533,904.679,11003229184,113688461312
2013-01-23,926.041,932.237,930.4,918.056,8725984256,89543409664
2013-01-22,942.745,942.745,928.904,921.717,10862432256,113888518144
2013-01-21,938.822,942.503,942.503,934.091,10113052672,104398888960
2013-01-18,924.462,937.285,935.697,920.028,9562727424,98504302592
2013-01-17,928.279,930.977,921.699,918.169,8939161600,93804331008
2013-01-16,931.44,935.854,929.734,915.678,11915911168,122163290112
2013-01-15,919.445,935.89,932.554,919.444,13077456896,138255712256
2013-01-14,884.407,919.285,918.333,884.061,11135553536,119498842112
2013-01-11,903.28,905.433,886.133,883.944,9945841664,101916033024
2013-01-10,897.221,906.847,902.19,895.856,9006944256,90214932480
2013-01-09,893.572,903.739,897.807,889.452,10292577280,105123184640
2013-01-08,885.551,898.047,895.15,880.576,10219567104,104392949760
2013-01-07,876.12,885.488,885.488,873.509,8487946240,86288703488
2013-01-04,887.364,889.094,877.759,868.483,9080244224,93869875200
2012-12-31,874.564,881.169,881.169,871.761,8452604928,87373471744
2012-12-28,862.197,872.964,872.964,859.295,8009808384,80945143808
2012-12-27,871.317,875.747,862.823,861.957,9673649152,95395348480
2012-12-26,855.412,869.348,869.348,854.472,9639580672,94879490048
2012-12-25,834.115,858.899,855.786,831.946,10378237952,100299644928
2012-12-24,828.55,837.047,835.708,827.834,6427470336,66193342464
2012-12-21,827.943,838.396,829.635,824.754,7633415680,77595230208
2012-12-20,820.315,828.784,827.565,814.923,7034338816,67439865856
2012-12-19,815.636,825.592,822.724,814.15,6798760448,62895132672
2012-12-18,817.972,827.687,817.363,812.819,8386315776,76453601280
2012-12-17,817.161,821.839,819.579,813.533,9101503488,83731587072
2012-12-14,783.258,816.825,816.19,783.236,9890944000,86037102592
2012-12-13,791.48,794.569,783.863,783.51,5216314880,44059078656
2012-12-12,792.53,796.338,793.289,785.102,5466242048,47668146176
2012-12-11,795.806,800.262,793.343,791.682,6501609984,55733071872
2012-12-10,786.918,799.093,798.394,783.965,7772075520,67759857664
2012-12-07,769.226,787.147,786.052,766.531,7414489088,62531788800
2012-12-06,771.148,775.516,769.898,765.326,5069976576,43740041216
2012-12-05,741.936,776.038,771.718,740.539,7215458304,61608284160
2012-12-04,732.16,744.793,743.616,724.967,4270958336,36112924672
2012-12-03,751.96,756.197,734.28,734.013,3892519168,33761980416
2012-11-30,742.935,754.104,752.84,740.799,3707701760,30697119744
2012-11-29,750.605,756.81,743.433,742.942,3441650688,30256459776
2012-11-28,762.064,762.064,750.966,749.603,3648924928,31130011648
2012-11-27,786.515,786.515,765.522,765.34,4300084736,36997767168
2012-11-26,799.593,800.162,789.488,788.651,3163816960,29598836736
2012-11-23,798.982,805.203,800.948,797.395,3326479104,31424718848
2012-11-22,803.854,803.854,798.551,796.42,3557797888,32382566400
2012-11-21,799.119,808.001,807.998,790.212,4276804608,38158962688
2012-11-20,802.311,806.37,799.348,799.023,3483222528,32383188992
2012-11-19,799.415,801.203,800.842,789.47,3404802048,32168439808
2012-11-16,804.333,804.532,800.2,794.717,3652827904,33108944896
2012-11-15,814.831,818.77,805.914,805.499,3890860032,34460647424
2012-11-14,815.838,819.475,818.603,810.488,3801025280,35023368192
2012-11-13,832.104,832.104,816.151,815.054,4473440256,39907631104
2012-11-12,829.035,834.367,832.376,825.809,4079944704,37235048448
2012-11-09,830.031,833.888,828.463,826.146,3873054208,34924924928
2012-11-08,845.35,845.645,831.71,831.71,5022522368,44651253760
2012-11-07,852.294,855.942,851.641,848.141,4497335808,41515544576
2012-11-06,858.097,858.647,853.327,841.99,5618075648,49951416320
2012-11-05,861.398,865.534,858.597,855.325,5202640384,47507369984
2012-11-02,860.703,863.48,862.777,856.073,5400992768,47755100160
2012-11-01,845.111,862.091,860.445,845.111,5936292864,54081490944
2012-10-31,840.817,844.806,844.8,837.612,4151222016,36864393216
2012-10-30,839.338,848.121,840.925,839.261,4094040320,37407272960
2012-10-29,838.317,842.826,839.445,834.549,3774395136,34235297792
2012-10-26,856.959,857.763,840.515,835.195,5358935040,47717408768
2012-10-25,866.259,871.934,858.037,857.032,6081392128,50116788224
2012-10-24,865.531,871.857,866.452,863.994,5657037312,47706673152
2012-10-23,881.622,882.556,869.964,869.241,5846906880,55200030720
2012-10-22,873.3,883.188,882.026,871.307,5218357760,49750872064
2012-10-19,879.125,881.687,877.288,875.175,5638220288,53215698944
2012-10-18,864.859,880.216,878.638,864.859,6773063168,62008799232
2012-10-17,864.2,866.594,863.705,855.04,4755893760,45196308480
2012-10-16,858.711,868.79,862.138,856.484,4742491136,48921260032
2012-10-15,865.368,865.467,859.474,851.78,4912147968,49068085248
2012-10-12,868.956,876.856,865.623,857.32,5406149120,51816845312
2012-10-11,878.001,880.4,867.209,866.961,6472899072,62763593728
2012-10-10,870.668,880.44,880.365,868.572,6787316736,63722291200
2012-10-09,851.245,871.917,871.917,851.245,6125027840,61833158656
2012-10-08,854.012,858.22,849.303,845.179,3960766976,40092012544
2012-09-28,833.924,854.047,853.825,832.496,5252872192,53626445824
2012-09-27,816.297,842.757,837.957,816.288,5176550400,51198185472
2012-09-26,834.508,837.089,816.79,815.752,3899538944,37675520000
2012-09-25,838.918,844.561,835.512,833.032,3721217280,37939974144
2012-09-24,829.361,844.344,840.594,823.075,4130609408,41419800576
2012-09-21,837.829,843.957,834.146,832.482,4602927616,46652952576
2012-09-20,863.755,863.755,840.209,839.77,5472220672,54169231360
2012-09-19,860.49,866.207,865.729,858.44,4327142400,43897384960
2012-09-18,860.883,865.804,859.442,855.793,4293126656,43651809280
2012-09-17,888.567,888.834,864.191,864.178,5950301184,58549538816
2012-09-14,895.593,899.072,889.716,881.89,6989355520,70108143616
2012-09-13,900.72,903.887,888.485,888.485,6637609472,68471734272
2012-09-12,899.891,903.734,901.291,891.799,7079973888,73264553984
2012-09-11,896.257,896.57,896.57,889.382,7043138560,74334511104
2012-09-10,893.224,902.356,899.717,891.434,8827300864,93219889152
2012-09-07,865.135,899.478,891.528,865.135,10292093952,105495838720
2012-09-06,852.296,859.296,859.296,851.808,4871797760,50686373888
2012-09-05,844.797,854.085,850.984,842.663,4777772032,49782702080
2012-09-04,855.179,858.361,846.879,845.562,4926739456,52173672448
2012-09-03,837.684,856.409,854.757,836.289,4888397824,51549638656
2012-08-31,833.817,841.397,838.532,832.251,3839035136,38980829184
2012-08-30,848.686,853.18,835.949,823.816,5555673088,58525544448
2012-08-29,854.078,861.551,851.137,849.956,4579848704,48519618560
2012-08-28,850.471,861.315,856.09,848.202,4471324672,46814822400
2012-08-27,867.779,867.779,852.336,851.984,5043766272,52232814592
2012-08-24,886.043,886.723,871.36,871.36,5546857984,58073464832
2012-08-23,884.698,890.333,889.262,879.192,5556563968,60266004480
2012-08-22,891.702,892.968,884.727,881.136,5606352896,60564140032
2012-08-21,878.828,895.251,891.307,877.422,5601200128,61849198592
2012-08-20,871.865,880.852,879.247,866.164,4163651328,43541151744
2012-08-17,878.806,880.473,876.929,868.369,3919897088,43235672064
2012-08-16,884.604,887.543,879.94,878.497,4293046272,44866842624
2012-08-15,891.369,892.846,886.976,886.046,4900392960,50648891392
2012-08-14,886.529,893.805,893.804,872.457,5827747328,62075449344
2012-08-13,904.612,904.612,887.651,887.407,5811144192,60614451200
2012-08-10,908.912,909.974,906.322,902.668,5798039552,62178336768
2012-08-09,895.381,909.686,909.686,892.085,6220360192,68699529216
2012-08-08,898.036,901.279,895.941,890.764,5625562624,61456777216
2012-08-07,890.923,898.483,898.483,890.061,6011674112,65739321344
2012-08-06,868.97,891.919,891.3,867.63,5765184512,64172630016
2012-08-03,857.079,871.81,871.809,854.721,4634255360,50465357824
2012-08-02,861.343,864.612,855.276,851.082,4160827904,43657994240
2012-08-01,848.376,868.172,862.698,848.376,4082502144,42908749824
2012-07-31,859.981,861.135,849.957,847.157,3946492160,41531863040
2012-07-30,875.104,880.109,861.815,858.911,4054863616,42633990144
2012-07-27,882.637,885.34,876.251,872.421,3931097088,45888811008
2012-07-26,886.399,893.709,880.761,879.879,4474211328,49582211072
2012-07-25,891.147,896.436,887.544,886.403,4385016320,48383377408
2012-07-24,881.556,898.389,893.61,880.239,4139676416,46159810560
2012-07-23,890.248,891.516,886.47,880.524,4418681856,48352763904
2012-07-20,900.739,905.832,895.62,893.814,4980096512,53432008704
2012-07-19,894.08,909.935,903.254,892.044,5952763904,64430960640
2012-07-18,892.091,896.186,896.184,877.692,5141357568,57824518144
2012-07-17,885.084,894.64,893.51,882.485,4450704896,52111978496
2012-07-16,920.542,920.547,889.101,888.993,5973944320,69262761984
2012-07-13,924.746,931.172,922.624,919.551,5094990848,63050817536
2012-07-12,911.779,930.567,928.205,908.281,5917174272,75444084736
2012-07-11,903.63,913.461,913.461,901.336,4261290240,53255659520
2012-07-10,910.797,914.018,905.745,904.34,4576398336,56224206848
2012-07-09,929.202,934.693,914.205,914.058,5753987072,72680546304
2012-07-06,918.42,935.241,934.846,910.344,5903507968,73693675520
2012-07-05,928.205,928.205,914.311,910.97,4882323456,57711276032
2012-07-04,937.337,939.343,931.646,928.834,5039410176,61646503936
2012-07-03,932.257,942.949,936.254,930.26,5650065920,70309945344
2012-07-02,926.285,936.481,932.544,923.862,5151603712,65125543936
2012-06-29,905.828,921.404,921.404,902.834,4871566336,55936536576
2012-06-28,919.676,923.551,909.284,909.284,4759545856,54997364736
2012-06-27,917.255,929.065,918.375,916.939,4645887488,54828470272
2012-06-26,914.369,921.442,918.237,905.039,4671425536,51553959936
2012-06-25,939.263,939.263,919.395,919.235,5037413376,56424263680
2012-06-21,953.946,953.946,943.063,937.643,4986928640,58037657600
2012-06-20,959.485,962.328,956.232,954.079,4871651328,58045194240
2012-06-19,963.456,964.187,957.996,956.494,5455902208,64643252224
2012-06-18,957.458,966.827,964.708,957.458,5330163200,63838179328
2012-06-15,955.616,960.363,954.312,942.543,5406078464,63181332480
2012-06-14,957.695,964.056,954.065,953.368,5559755776,66426699776
2012-06-13,944.035,959.108,959.108,943.729,5752423424,66939842560
2012-06-12,941.556,947.129,942.182,938.601,4977419264,55447638016
2012-06-11,929.49,946.208,945.621,927.078,5138116096,59188998144
2012-06-08,939.285,940.392,928.862,926.77,4964159488,55307395072
2012-06-07,943.68,946.733,931.83,929.426,4706048512,52429139968
2012-06-06,939.018,943.523,935.51,931.401,4218269696,48328093696
2012-06-05,940.505,944.538,937.394,934.475,4636791808,53915910144
2012-06-04,951.703,959.107,939.333,939.333,6112540160,70697476096
2012-06-01,967.257,973.7,966.792,962.283,5738637824,68269936640
2012-05-31,959.56,972.675,967.585,957.175,6364804096,74433593344
2012-05-30,961.837,967.687,964.257,960.336,6470032896,74674790400
2012-05-29,948.072,965.047,962.845,947.256,7619984896,87360208896
2012-05-28,930.979,948.419,948.418,918.293,6513666560,68392951808
2012-05-25,945.666,947.74,935.051,931.895,5399701504,59182411776
2012-05-24,952.638,957.518,945.953,943.217,5650504192,66424561664
2012-05-23,953.943,959.079,954.833,945.651,5827984384,67737788416
2012-05-22,945.043,955.702,955.702,945.043,5104312320,58813407232
2012-05-21,939.248,947.954,941.674,932.631,4943984640,57379852288
2012-05-18,949.308,952.921,940.912,938.532,5628276736,63719624704
2012-05-17,942.275,955.983,954.95,939.18,5569179136,62454292480
2012-05-16,953.632,955.489,942.043,942.043,5228592640,59090534400
2012-05-15,949.293,955.403,955.403,943.56,5791236608,64545533952
2012-05-14,966.926,969.206,956.192,955.935,6199067648,73368641536
2012-05-11,965.511,971.723,960.529,960.529,5642408960,68819410944
2012-05-10,962.398,970.252,966.659,962.281,5347739648,65601794048
2012-05-09,973.504,973.504,963.179,962.42,6582218752,77517987840
2012-05-08,981.684,983.627,980.255,971.895,6761992192,82966708224
2012-05-07,968.091,981.487,981.487,967.018,6980057600,86051831808
2012-05-04,961.707,972.67,972.302,959.836,7004519424,81091862528
2012-05-03,954.674,961.988,961.988,953.563,6552925184,76834406400
2012-05-02,950.405,960.438,956.233,943.667,7216977408,81817747456
2012-04-27,941.521,945.414,940.351,938.275,5788712960,61802561536
2012-04-26,945.218,948.805,943.031,938.722,7498313216,77938417664
2012-04-25,933.452,946.412,944.648,930.57,8125074432,80662192128
2012-04-24,937.228,948.334,936.509,913.579,8202009600,85872279552
2012-04-23,960.915,961.545,944.867,941.279,7839544320,86824386560
2012-04-20,952.557,962.46,961.773,950.686,6996896768,77809516544
2012-04-19,955.817,959.393,954.269,949.707,6331875328,72747614208
2012-04-18,938.488,957.083,956.485,936.622,7308761088,80710238208
2012-04-17,948.553,951.422,936.737,936.451,6530304512,66688897024
2012-04-16,944.459,953.998,949.226,941.906,6640526848,68143521792
2012-04-13,948.309,956.005,950.911,946.009,7721420800,84608516096
2012-04-12,927.808,945.327,945.327,925.491,7137608704,76348506112
2012-04-11,914.399,933.259,927.366,910.77,5552747520,58576764928
2012-04-10,912.296,924.283,924.283,895.249,5341260800,58533052416
2012-04-09,922.908,926.596,915.771,915.036,4452583424,51152621568
2012-04-06,918.919,928.631,925.528,917.039,4988439040,59157942272
2012-04-05,891.434,920.183,919.422,889.766,5107759104,59824005120
2012-03-30,894.23,899.69,891.843,885.19,4329725952,49694588928
2012-03-29,903.821,907.984,895.068,886.351,5309268480,59851186176
2012-03-28,944.452,944.452,909.58,908.024,6078582784,72089780224
2012-03-27,955.289,960.557,948.097,947.223,4554159616,58744020992
2012-03-26,950.566,956.08,952.76,946.083,4203964160,52460269568
2012-03-23,966.385,967.388,952.805,949.01,5220387328,64765009920
2012-03-22,970.863,976.245,969.983,964.671,5362983936,66797330432
2012-03-21,974.996,980.124,971.934,958.726,6436174848,83975905280
2012-03-20,991.064,991.065,972.026,971.982,6766129664,84549943296
2012-03-19,982.299,993.754,993.754,977.428,6992950784,91677040640
2012-03-16,962.415,982.85,982.847,960.572,7150017536,92036464640
2012-03-15,967.083,974.354,960.963,947.98,8299724800,101168521216
2012-03-14,1014.16,1020.291,969.121,963.461,12309332992,154094993408
2012-03-13,999.48,1010.459,1010.459,996.813,7633937920,97512538112
2012-03-12,996.451,1001.282,999.629,991.575,7502153216,97172774912
2012-03-09,982.696,995.868,995.868,980.303,7326550016,92032327680
2012-03-08,969.984,983.256,980.023,969.984,6796418048,81022869504
2012-03-07,962.19,978.373,967.051,959.832,7049799680,83655131136
2012-03-06,978.763,978.763,971.804,964.764,7555822080,89796141056
2012-03-05,983.538,987.858,981.201,980.497,8100640256,97352351744
2012-03-02,962.052,980.769,980.769,962.051,7322740224,84528144384
2012-03-01,953.419,966.801,960.745,952.68,5562601984,67976634368
2012-02-29,966.585,970.82,956.991,956.262,6699042304,80215113728
2012-02-28,971.866,975.033,969.507,958.87,8755976192,101999263744
2012-02-27,975.855,989.839,975.62,975.62,10776637440,124526247936
2012-02-24,958.539,972.623,972.623,956.932,9035341824,101805350912
2012-02-23,954.11,961.591,958.801,949.779,8491555328,99231383552
2012-02-22,934.232,954.233,954.233,933.785,9207419904,105568952320
2012-02-21,922.816,933.973,933.972,913.412,6534021632,73758031872
2012-02-20,932.346,934.891,923.318,923.142,6980809728,76117164032
2012-02-17,925.804,929.419,921.016,913.33,5613697024,62164348928
2012-02-16,924.471,932.241,923.395,915.314,7406210560,79823142912
2012-02-15,910.996,927.493,925.988,908.433,7392936960,79433244672
2012-02-14,911.737,914.376,912.306,905.847,5726853120,62315204608
2012-02-13,895.688,917.38,912.313,891.338,6532289536,73480380416
2012-02-10,897.355,909.296,903.643,897.002,6395192320,69374828544
2012-02-09,892.959,906.272,898.891,891.314,7165563392,77614841856
2012-02-08,868.738,893.824,893.824,866.201,5681477120,64155254784
2012-02-07,881.347,881.347,869.873,863.877,4639745536,50497519616
2012-02-06,879.758,888.355,885.159,877.95,5361747456,59877494784
2012-02-03,864.609,880.26,878.291,862.36,5384419840,58931519488
2012-02-02,851.412,865.715,865.715,849.599,3955403264,44681134080
2012-02-01,853.565,864.843,849.588,847.566,3515428608,39973896192
2012-01-31,854.288,856.122,855.199,845.652,3165093376,34390638592
2012-01-30,863.521,866.781,855.089,853.776,3608184320,41515839488
2012-01-20,849.182,863.208,861.153,846.708,4320292352,49505652736
2012-01-19,835.392,853.055,847.675,829.667,4439240192,49815904256
2012-01-18,862.379,868.503,837.399,834.635,5510265344,62286872576
2012-01-17,817.045,860.246,860.246,811.029,5373119488,57933361152
2012-01-16,837.905,840.791,818.175,818.175,3354945024,36871430144
2012-01-13,876.543,878.727,845.932,840.848,5028944384,55547564032
2012-01-12,877.24,889.811,876.808,874.579,5145739264,55493693440
2012-01-11,879.794,886.571,880.709,874.298,6272701952,65258053632
2012-01-10,847.581,881.189,880.864,845.801,7367610880,76007694336
2012-01-09,817.277,848.214,848.214,808.32,4765147648,51508416512
2012-01-06,811.136,817.779,817.779,797.168,3396619520,36185030656
2012-01-05,838.631,838.631,813.988,812.577,3863459584,41515642880
2012-01-04,871.926,874.89,843.716,843.716,3416350208,39105204224
