,code,name,year,report_date,divi,shares
0,002581,未名医药,2010,2011-06-29,4.0,0.0
1,002591,恒大高新,2010,2011-06-20,1.5,0.0
2,601208,东材科技,2010,2011-06-10,3.0,0.0
3,601989,中国重工,2010,2011-04-30,0.7,0.0
4,601888,中国国旅,2010,2011-04-30,1.0,0.0
5,600900,长江电力,2010,2011-04-30,2.6,0.0
6,000883,湖北能源,2010,2011-04-30,2.0,0.0
7,600887,伊利股份,2010,2011-04-30,0.0,10.0
8,600783,鲁信创投,2010,2011-04-30,0.9,10.0
9,600895,张江高科,2010,2011-04-30,1.0,0.0
10,600667,太极实业,2010,2011-04-30,0.6,0.0
11,600642,申能股份,2010,2011-04-30,1.0,5.0
12,600097,开创国际,2010,2011-04-30,0.5,0.0
13,601188,龙江交通,2010,2011-04-29,0.2,0.0
14,601106,中国一重,2010,2011-04-29,0.2,0.0
15,002266,浙富控股,2010,2011-04-29,2.3,10.0
16,601006,大秦铁路,2010,2011-04-29,3.5,0.0
17,601009,南京银行,2010,2011-04-29,2.0,0.0
18,000895,双汇发展,2010,2011-04-29,5.0,0.0
19,000825,太钢不锈,2010,2011-04-29,1.0,0.0
20,000630,铜陵有色,2010,2011-04-29,1.0,0.0
21,600825,新华传媒,2010,2011-04-29,0.5,0.0
22,000061,农产品,2010,2011-04-29,1.1,0.0
23,600713,南京医药,2010,2011-04-29,0.4,10.0
24,600559,老白干酒,2010,2011-04-29,1.0,0.0
25,600285,羚锐制药,2010,2011-04-29,0.5,0.0
26,600250,南纺股份,2010,2011-04-29,0.1,0.0
27,600151,航天机电,2010,2011-04-29,0.2,0.0
28,002429,兆驰股份,2010,2011-04-28,3.0,5.0
29,002402,和而泰,2010,2011-04-28,3.0,5.0
30,002373,千方科技,2010,2011-04-28,1.0,0.0
31,601179,中国西电,2010,2011-04-28,0.6,0.0
32,002325,洪涛股份,2010,2011-04-28,1.5,5.0
33,002318,久立特材,2010,2011-04-28,1.0,0.0
34,601799,星宇股份,2010,2011-04-28,2.3,0.0
35,002467,二六三,2010,2011-04-28,4.0,0.0
36,002209,达意隆,2010,2011-04-28,0.5,0.0
37,002197,证通电子,2010,2011-04-28,0.0,6.0
38,002144,宏达高科,2010,2011-04-28,1.5,0.0
39,002427,尤夫股份,2010,2011-04-28,1.0,3.0
40,002307,北新路桥,2010,2011-04-28,0.5,0.0
41,000959,首钢股份,2010,2011-04-28,1.0,0.0
42,000917,电广传媒,2010,2011-04-28,0.8,0.0
43,000783,长江证券,2010,2011-04-28,3.0,0.0
44,000782,美达股份,2010,2011-04-28,0.4,0.0
45,000752,西藏发展,2010,2011-04-28,0.1,0.0
46,000671,阳光城,2010,2011-04-28,1.0,0.0
47,000610,西安旅游,2010,2011-04-28,0.2,0.0
48,000541,佛山照明,2010,2011-04-28,2.5,0.0
49,000503,海虹控股,2010,2011-04-28,0.0,2.0
50,600797,浙大网新,2010,2011-04-28,0.1,0.0
51,600779,水井坊,2010,2011-04-28,2.3,0.0
52,000049,德赛电池,2010,2011-04-28,1.0,0.0
53,000016,深康佳A,2010,2011-04-28,0.1,0.0
54,600684,珠江实业,2010,2011-04-28,0.0,3.0
55,600569,安阳钢铁,2010,2011-04-28,0.2,0.0
56,600501,航天晨光,2010,2011-04-28,0.0,2.0
57,600416,湘电股份,2010,2011-04-28,0.0,10.0
58,600371,万向德农,2010,2011-04-28,2.0,0.0
59,600366,宁波韵升,2010,2011-04-28,1.0,3.0
60,600219,南山铝业,2010,2011-04-28,1.0,0.0
61,300112,万讯自控,2010,2011-04-27,1.5,5.0
62,002434,万里扬,2010,2011-04-27,2.0,0.0
63,002417,三元达,2010,2011-04-27,2.5,5.0
64,002433,太安堂,2010,2011-04-27,5.0,0.0
65,300059,东方财富,2010,2011-04-27,1.5,5.0
66,002361,神剑股份,2010,2011-04-27,1.5,10.0
67,002377,国创高新,2010,2011-04-27,0.0,10.0
68,002311,海大集团,2010,2011-04-27,2.0,10.0
69,300006,莱美药业,2010,2011-04-27,1.0,10.0
70,002344,海宁皮城,2010,2011-04-27,5.0,10.0
71,002239,奥特佳,2010,2011-04-27,0.2,0.0
72,002224,三力士,2010,2011-04-27,0.5,2.0
73,002154,报喜鸟,2010,2011-04-27,2.0,10.0
74,002065,东华软件,2010,2011-04-27,1.0,2.0
75,002087,新野纺织,2010,2011-04-27,0.4,0.0
76,002358,森源电气,2010,2011-04-27,3.0,10.0
77,002320,海峡股份,2010,2011-04-27,6.0,6.0
78,002142,宁波银行,2010,2011-04-27,2.0,0.0
79,000949,新乡化纤,2010,2011-04-27,0.6,3.0
80,000927,一汽夏利,2010,2011-04-27,0.3,0.0
81,000886,海南高速,2010,2011-04-27,0.8,0.0
82,000800,一汽轿车,2010,2011-04-27,3.0,0.0
83,000757,浩物股份,2010,2011-04-27,0.0,2.0
84,000668,荣丰控股,2010,2011-04-27,0.6,0.0
85,000158,常山股份,2010,2011-04-27,0.2,0.0
86,000088,盐田港,2010,2011-04-27,0.3,2.0
87,600346,恒力股份,2010,2011-04-27,0.2,0.0
88,300187,永清环保,2010,2011-04-26,2.0,0.0
89,600998,九州通,2010,2011-04-26,1.0,0.0
90,002348,高乐股份,2010,2011-04-26,3.0,6.0
91,300014,亿纬锂能,2010,2011-04-26,1.5,5.0
92,002269,美邦服饰,2010,2011-04-26,5.3,0.0
93,002228,合兴包装,2010,2011-04-26,0.6,6.0
94,002397,梦洁股份,2010,2011-04-26,5.0,6.0
95,601139,深圳燃气,2010,2011-04-26,1.3,0.0
96,002191,劲嘉股份,2010,2011-04-26,1.0,0.0
97,002150,通润装备,2010,2011-04-26,1.5,6.0
98,601003,柳钢股份,2010,2011-04-26,1.5,0.0
99,002124,天邦股份,2010,2011-04-26,1.0,0.0
100,002071,长城影视,2010,2011-04-26,0.4,0.0
101,002054,德美化工,2010,2011-04-26,1.2,0.0
102,601001,大同煤业,2010,2011-04-26,2.1,0.0
103,002205,国统股份,2010,2011-04-26,1.0,0.0
104,002045,国光电器,2010,2011-04-26,1.2,5.0
105,600020,中原高速,2010,2011-04-26,1.0,0.0
106,000910,大亚圣象,2010,2011-04-26,1.0,0.0
107,000725,京东方A,2010,2011-04-26,0.0,4.0
108,000680,山推股份,2010,2011-04-26,2.0,0.0
109,600837,海通证券,2010,2011-04-26,1.5,0.0
110,000099,中信海直,2010,2011-04-26,0.5,0.0
111,600704,物产中大,2010,2011-04-26,0.3,5.0
112,600612,老凤祥,2010,2011-04-26,0.0,6.0
113,600586,金晶科技,2010,2011-04-26,0.0,10.0
114,600363,联创光电,2010,2011-04-26,0.2,0.0
115,600308,华泰股份,2010,2011-04-26,0.1,8.0
116,600157,永泰能源,2010,2011-04-26,0.1,6.5
117,002551,尚荣医疗,2010,2011-04-25,2.0,5.0
118,002516,旷达科技,2010,2011-04-25,1.0,2.5
119,002424,贵州百灵,2010,2011-04-25,6.0,10.0
120,300065,海兰信,2010,2011-04-25,3.0,0.0
121,002288,超华科技,2010,2011-04-25,1.0,2.0
122,601118,海南橡胶,2010,2011-04-25,0.8,0.0
123,002098,浔兴股份,2010,2011-04-25,2.0,0.0
124,000807,云铝股份,2010,2011-04-25,0.3,3.0
125,000301,东方市场,2010,2011-04-25,0.7,0.0
126,000014,沙河股份,2010,2011-04-25,0.4,0.0
127,600005,武钢股份,2010,2011-04-25,1.0,0.0
128,300084,海默科技,2010,2011-04-23,2.0,10.0
129,002383,合众思壮,2010,2011-04-23,4.0,2.0
130,300095,华伍股份,2010,2011-04-23,1.0,0.0
131,300038,梅泰诺,2010,2011-04-23,1.5,0.0
132,002271,东方雨虹,2010,2011-04-23,2.5,10.0
133,002245,澳洋顺昌,2010,2011-04-23,0.5,10.0
134,002236,大华股份,2010,2011-04-23,5.0,10.0
135,601999,出版传媒,2010,2011-04-23,0.3,0.0
136,002116,中国海诚,2010,2011-04-23,3.2,0.0
137,601788,光大证券,2010,2011-04-23,4.5,0.0
138,002048,宁波华翔,2010,2011-04-23,1.6,0.0
139,600284,浦东建设,2010,2011-04-23,1.3,2.0
140,600479,千金药业,2010,2011-04-23,2.5,0.0
141,600348,阳泉煤业,2010,2011-04-23,1.0,0.0
142,000700,模塑科技,2010,2011-04-23,0.1,0.0
143,000589,黔轮胎A,2010,2011-04-23,0.5,5.0
144,600810,神马股份,2010,2011-04-23,0.5,0.0
145,000032,深桑达A,2010,2011-04-23,0.8,0.0
146,600498,烽火通信,2010,2011-04-23,2.0,0.0
147,600395,盘江股份,2010,2011-04-23,8.5,0.0
148,600239,云南城投,2010,2011-04-23,0.3,3.0
149,600138,中青旅,2010,2011-04-23,2.0,0.0
150,002537,海立美达,2010,2011-04-22,3.0,0.0
151,601890,亚星锚链,2010,2011-04-22,1.5,3.0
152,300164,通源石油,2010,2011-04-22,5.0,2.0
153,002411,必康股份,2010,2011-04-22,0.8,8.0
154,002403,爱仕达,2010,2011-04-22,2.0,0.0
155,300035,中科电气,2010,2011-04-22,2.0,3.0
156,601117,中国化学,2010,2011-04-22,0.3,0.0
157,300054,鼎龙股份,2010,2011-04-22,5.0,5.0
158,002233,塔牌集团,2010,2011-04-22,0.8,10.0
159,002076,雪莱特,2010,2011-04-22,1.0,0.0
160,002184,海得控制,2010,2011-04-22,0.5,0.0
161,002267,陕天然气,2010,2011-04-22,2.0,0.0
162,002040,南京港,2010,2011-04-22,0.2,0.0
163,600973,宝胜股份,2010,2011-04-22,1.5,0.0
164,600340,华夏幸福,2010,2011-04-22,0.0,6.0
165,600513,联环药业,2010,2011-04-22,0.5,0.0
166,000540,中天城投,2010,2011-04-22,1.0,4.0
167,000031,中粮地产,2010,2011-04-22,0.2,0.0
168,600400,红豆股份,2010,2011-04-22,0.5,3.0
169,600361,华联综超,2010,2011-04-22,1.5,0.0
170,600353,旭光股份,2010,2011-04-22,0.5,10.0
171,600328,兰太实业,2010,2011-04-22,0.2,0.0
172,600215,长春经开,2010,2011-04-22,0.0,3.0
173,600088,中视传媒,2010,2011-04-22,0.9,0.0
174,002528,英飞拓,2010,2011-04-21,3.0,6.0
175,002472,双环传动,2010,2011-04-21,3.0,8.0
176,601018,宁波港,2010,2011-04-21,0.3,0.0
177,002355,兴民智通,2010,2011-04-21,1.2,0.0
178,002556,辉隆股份,2010,2011-04-21,2.0,6.0
179,601668,中国建筑,2010,2011-04-21,0.6,0.0
180,002133,广宇集团,2010,2011-04-21,1.5,0.0
181,002078,太阳纸业,2010,2011-04-21,1.5,0.0
182,600018,上港集团,2010,2011-04-21,1.1,0.0
183,002041,登海种业,2010,2011-04-21,2.0,10.0
184,000989,九芝堂,2010,2011-04-21,4.0,0.0
185,000758,中色股份,2010,2011-04-21,0.3,2.0
186,600832,东方明珠,2010,2011-04-21,1.0,0.0
187,600791,京能置业,2010,2011-04-21,0.5,0.0
188,600598,北大荒,2010,2011-04-21,1.6,0.0
189,600518,康美药业,2010,2011-04-21,0.5,0.0
190,600252,中恒集团,2010,2011-04-21,0.7,10.0
191,600033,福建高速,2010,2011-04-21,1.0,0.0
192,002485,希努尔,2010,2011-04-20,5.0,0.0
193,300094,国联水产,2010,2011-04-20,0.0,1.0
194,002440,闰土股份,2010,2011-04-20,5.0,3.0
195,002447,壹桥股份,2010,2011-04-20,3.0,10.0
196,300056,三维丝,2010,2011-04-20,4.0,0.0
197,002388,新亚制程,2010,2011-04-20,0.0,8.0
198,002394,联发股份,2010,2011-04-20,3.0,10.0
199,002345,潮宏基,2010,2011-04-20,3.5,0.0
200,002323,雅百特,2010,2011-04-20,3.0,0.0
201,601877,正泰电器,2010,2011-04-20,4.0,0.0
202,300013,新宁物流,2010,2011-04-20,0.5,0.0
203,002327,富安娜,2010,2011-04-20,7.0,0.0
204,300032,金龙机电,2010,2011-04-20,2.5,0.0
205,300042,朗科科技,2010,2011-04-20,1.0,0.0
206,300093,金刚玻璃,2010,2011-04-20,1.0,8.0
207,300075,数字政通,2010,2011-04-20,2.0,5.0
208,002241,歌尔股份,2010,2011-04-20,2.0,10.0
209,002443,金洲管道,2010,2011-04-20,1.0,3.0
210,002246,北化股份,2010,2011-04-20,3.0,0.0
211,002346,柘中股份,2010,2011-04-20,1.0,0.0
212,601872,招商轮船,2010,2011-04-20,0.4,0.0
213,002308,威创股份,2010,2011-04-20,2.0,5.0
214,002261,拓维信息,2010,2011-04-20,1.0,5.0
215,002203,海亮股份,2010,2011-04-20,1.2,0.0
216,300139,晓程科技,2010,2011-04-20,5.0,0.0
217,002003,伟星股份,2010,2011-04-20,3.0,0.0
218,600966,博汇纸业,2010,2011-04-20,0.5,0.0
219,000960,锡业股份,2010,2011-04-20,1.2,1.0
220,000939,凯迪生态,2010,2011-04-20,1.0,6.0
221,000861,海印股份,2010,2011-04-20,0.3,0.0
222,000761,本钢板材,2010,2011-04-20,1.0,0.0
223,000718,苏宁环球,2010,2011-04-20,1.2,2.0
224,600886,国投电力,2010,2011-04-20,0.3,0.0
225,600742,一汽富维,2010,2011-04-20,3.0,0.0
226,600674,川投能源,2010,2011-04-20,0.4,0.0
227,600639,浦东金桥,2010,2011-04-20,1.0,0.0
228,600415,小商品城,2010,2011-04-20,0.0,10.0
229,600162,香江控股,2010,2011-04-20,0.2,0.0
230,600098,广州发展,2010,2011-04-20,2.0,0.0
231,002498,汉缆股份,2010,2011-04-19,2.0,5.0
232,300135,宝利国际,2010,2011-04-19,6.0,10.0
233,002460,赣锋锂业,2010,2011-04-19,4.0,5.0
234,300096,易联众,2010,2011-04-19,2.0,10.0
235,300069,金利华电,2010,2011-04-19,2.0,3.0
236,300055,万邦达,2010,2011-04-19,1.0,10.0
237,002378,章源钨业,2010,2011-04-19,2.5,0.0
238,002341,新纶科技,2010,2011-04-19,3.0,10.0
239,002385,大北农,2010,2011-04-19,2.5,0.0
240,300353,东土科技,2010,2011-04-19,1.5,6.0
241,300036,超图软件,2010,2011-04-19,2.0,6.0
242,002364,中恒电气,2010,2011-04-19,2.0,5.0
243,002102,冠福股份,2010,2011-04-19,0.0,10.0
244,002097,山河智能,2010,2011-04-19,0.3,0.0
245,002386,天原集团,2010,2011-04-19,1.0,0.0
246,002074,国轩高科,2010,2011-04-19,0.8,8.0
247,601666,平煤股份,2010,2011-04-19,2.0,3.0
248,002343,慈文传媒,2010,2011-04-19,5.0,10.0
249,600999,招商证券,2010,2011-04-19,3.0,3.0
250,002025,航天电器,2010,2011-04-19,1.0,0.0
251,600035,楚天高速,2010,2011-04-19,0.8,0.0
252,600475,华光股份,2010,2011-04-19,1.0,0.0
253,600575,皖江物流,2010,2011-04-19,0.0,10.0
254,000900,现代投资,2010,2011-04-19,2.0,0.0
255,000882,华联股份,2010,2011-04-19,0.6,2.0
256,000819,岳阳兴长,2010,2011-04-19,0.2,1.0
257,000685,中山公用,2010,2011-04-19,2.0,0.0
258,000623,吉林敖东,2010,2011-04-19,0.3,2.0
259,600782,新钢股份,2010,2011-04-19,0.6,0.0
260,000090,天健集团,2010,2011-04-19,0.8,0.0
261,600739,辽宁成大,2010,2011-04-19,1.0,5.0
262,600628,新世界,2010,2011-04-19,1.1,0.0
263,600623,华谊集团,2010,2011-04-19,1.1,0.0
264,600589,广东榕泰,2010,2011-04-19,0.3,0.0
265,600428,中远海特,2010,2011-04-19,0.4,0.0
266,600232,金鹰股份,2010,2011-04-19,1.0,0.0
267,600177,雅戈尔,2010,2011-04-19,5.0,0.0
268,300146,汤臣倍健,2010,2011-04-18,10.0,10.0
269,002512,达华智能,2010,2011-04-18,2.8,8.0
270,002507,涪陵榨菜,2010,2011-04-18,3.0,0.0
271,002499,科林环保,2010,2011-04-18,1.8,0.0
272,002482,广田集团,2010,2011-04-18,2.0,10.0
273,002465,海格通信,2010,2011-04-18,6.0,0.0
274,002326,永太科技,2010,2011-04-18,0.0,8.0
275,002495,佳隆股份,2010,2011-04-18,2.0,8.0
276,002454,松芝股份,2010,2011-04-18,5.0,3.0
277,002206,海利得,2010,2011-04-18,3.3,5.0
278,600655,豫园商城,2010,2011-04-18,0.5,0.0
279,600060,海信电器,2010,2011-04-18,2.0,0.0
280,002564,天沃科技,2010,2011-04-16,1.0,6.0
281,300172,中电环保,2010,2011-04-16,1.0,0.0
282,300157,恒泰艾普,2010,2011-04-16,0.0,10.0
283,601098,中南传媒,2010,2011-04-16,0.6,0.0
284,002459,天业通联,2010,2011-04-16,4.0,3.0
285,002549,凯美特气,2010,2011-04-16,1.2,5.0
286,300053,欧比特,2010,2011-04-16,0.0,10.0
287,002550,千红制药,2010,2011-04-16,2.5,0.0
288,002201,九鼎新材,2010,2011-04-16,0.0,3.0
289,002316,键桥通讯,2010,2011-04-16,0.5,4.0
290,601688,华泰证券,2010,2011-04-16,1.5,0.0
291,002036,联创电子,2010,2011-04-16,0.5,0.0
292,000625,长安汽车,2010,2011-04-16,0.8,16.0
293,600883,博闻科技,2010,2011-04-16,0.6,0.0
294,600881,亚泰集团,2010,2011-04-16,1.0,0.0
295,000046,泛海控股,2010,2011-04-16,0.5,10.0
296,600661,新南洋,2010,2011-04-16,0.3,0.0
297,600620,天宸股份,2010,2011-04-16,0.0,3.0
298,600360,华微电子,2010,2011-04-16,0.1,3.0
299,600037,歌华有线,2010,2011-04-16,1.0,0.0
300,002542,中化岩土,2010,2011-04-15,1.0,5.0
301,002517,恺英网络,2010,2011-04-15,3.0,0.0
302,300156,神雾环保,2010,2011-04-15,0.0,10.0
303,002452,长高集团,2010,2011-04-15,1.0,0.0
304,002387,黑牛食品,2010,2011-04-15,1.0,8.0
305,002381,双箭股份,2010,2011-04-15,2.0,5.0
306,002446,盛路通信,2010,2011-04-15,2.0,3.0
307,002219,恒康医疗,2010,2011-04-15,0.3,2.5
308,002157,正邦科技,2010,2011-04-15,0.0,6.0
309,002104,恒宝股份,2010,2011-04-15,1.0,0.0
310,002100,天康生物,2010,2011-04-15,0.5,3.0
311,002370,亚太药业,2010,2011-04-15,1.5,7.0
312,300167,迪威视讯,2010,2011-04-15,2.0,5.0
313,300026,红日药业,2010,2011-04-15,2.5,5.0
314,002500,山西证券,2010,2011-04-15,1.5,0.0
315,300150,世纪瑞尔,2010,2011-04-15,5.0,0.0
316,002008,大族激光,2010,2011-04-15,2.5,5.0
317,600491,龙元建设,2010,2011-04-15,1.0,10.0
318,600405,动力源,2010,2011-04-15,0.5,2.0
319,600432,*ST吉恩,2010,2011-04-15,1.0,0.0
320,000998,隆平高科,2010,2011-04-15,0.5,0.0
321,000659,珠海中富,2010,2011-04-15,0.9,7.0
322,000530,大冷股份,2010,2011-04-15,1.5,0.0
323,600867,通化东宝,2010,2011-04-15,0.0,3.5
324,600778,友好集团,2010,2011-04-15,0.5,0.0
325,000027,深圳能源,2010,2011-04-15,1.0,2.0
326,600635,大众公用,2010,2011-04-15,0.5,0.0
327,600592,龙溪股份,2010,2011-04-15,1.0,0.0
328,600571,信雅达,2010,2011-04-15,0.5,0.0
329,600557,康缘药业,2010,2011-04-15,0.6,0.0
330,600283,钱江水利,2010,2011-04-15,2.0,0.0
331,600210,紫江企业,2010,2011-04-15,2.0,0.0
332,600189,吉林森工,2010,2011-04-15,1.0,0.0
333,600175,美都能源,2010,2011-04-15,0.1,1.0
334,600150,中国船舶,2010,2011-04-15,6.0,6.0
335,300022,吉峰农机,2010,2011-04-14,1.0,10.0
336,002462,嘉事堂,2010,2011-04-14,2.0,5.0
337,000532,力合股份,2010,2011-04-14,0.5,0.0
338,300186,大华农,2010,2011-04-13,3.0,0.0
339,601616,广电电气,2010,2011-04-13,3.0,0.0
340,002494,华斯股份,2010,2011-04-13,1.0,0.0
341,002112,三变科技,2010,2011-04-13,0.4,0.0
342,002430,杭氧股份,2010,2011-04-13,2.0,5.0
343,002195,二三四五,2010,2011-04-13,1.0,5.0
344,002110,三钢闽光,2010,2011-04-13,0.2,0.0
345,600978,宜华生活,2010,2011-04-13,0.5,0.0
346,000042,中洲控股,2010,2011-04-13,6.0,0.0
347,600531,豫光金铅,2010,2011-04-13,1.0,0.0
348,600208,新湖中宝,2010,2011-04-13,0.3,2.0
349,300174,元力股份,2010,2011-04-12,2.0,0.0
350,300160,秀强股份,2010,2011-04-12,2.6,0.0
351,002514,宝馨科技,2010,2011-04-12,5.8,0.0
352,300144,宋城演艺,2010,2011-04-12,3.0,12.0
353,002527,新时达,2010,2011-04-12,1.2,0.0
354,300109,新开源,2010,2011-04-12,2.0,10.0
355,300100,双林股份,2010,2011-04-12,5.0,5.0
356,002453,天马精化,2010,2011-04-12,2.0,0.0
357,300062,中能电气,2010,2011-04-12,2.5,10.0
358,002476,宝莫股份,2010,2011-04-12,1.0,5.0
359,002363,隆基机械,2010,2011-04-12,1.0,0.0
360,002369,卓翼科技,2010,2011-04-12,5.0,10.0
361,300029,天龙光电,2010,2011-04-12,1.5,0.0
362,002478,常宝股份,2010,2011-04-12,1.0,0.0
363,002438,江苏神通,2010,2011-04-12,1.0,0.0
364,002268,卫士通,2010,2011-04-12,2.0,3.0
365,002223,鱼跃医疗,2010,2011-04-12,0.0,6.0
366,002164,宁波东力,2010,2011-04-12,2.0,10.0
367,002350,北京科锐,2010,2011-04-12,2.0,0.0
368,002082,栋梁新材,2010,2011-04-12,1.5,0.0
369,002217,合力泰,2010,2011-04-12,0.6,0.0
370,601116,三江购物,2010,2011-04-12,1.0,0.0
371,601818,光大银行,2010,2011-04-12,0.9,0.0
372,002050,三花智控,2010,2011-04-12,5.0,0.0
373,002181,粤传媒,2010,2011-04-12,0.3,0.0
374,600540,新赛股份,2010,2011-04-12,0.4,3.0
375,000887,中鼎股份,2010,2011-04-12,0.5,4.0
376,600809,山西汾酒,2010,2011-04-12,5.0,0.0
377,600755,厦门国贸,2010,2011-04-12,1.0,3.0
378,000423,东阿阿胶,2010,2011-04-12,3.0,0.0
379,600686,金龙汽车,2010,2011-04-12,1.0,0.0
380,600596,新安股份,2010,2011-04-12,1.0,0.0
381,600533,栖霞建设,2010,2011-04-12,1.8,0.0
382,600529,山东药玻,2010,2011-04-12,1.0,0.0
383,600523,贵航股份,2010,2011-04-12,1.3,0.0
384,600509,天富能源,2010,2011-04-12,1.6,0.0
385,600486,扬农化工,2010,2011-04-12,2.0,0.0
386,600262,北方股份,2010,2011-04-12,1.0,0.0
387,600226,升华拜克,2010,2011-04-12,1.5,0.0
388,600105,永鼎股份,2010,2011-04-12,0.5,0.0
389,002554,惠博普,2010,2011-04-11,2.0,5.0
390,002336,*ST人乐,2010,2011-04-11,5.0,0.0
391,002178,延华智能,2010,2011-04-11,0.0,4.0
392,300016,北陆药业,2010,2011-04-11,2.0,5.0
393,600190,锦州港,2010,2011-04-11,0.5,0.0
394,300190,维尔利,2010,2011-04-09,5.0,0.0
395,300051,三五互联,2010,2011-04-09,4.0,10.0
396,002214,大立科技,2010,2011-04-09,1.0,0.0
397,002448,中原内配,2010,2011-04-09,2.0,0.0
398,002103,广博股份,2010,2011-04-09,1.5,0.0
399,601169,北京银行,2010,2011-04-09,2.2,0.0
400,002029,七匹狼,2010,2011-04-09,2.0,0.0
401,600461,洪城水业,2010,2011-04-09,1.0,5.0
402,600352,浙江龙盛,2010,2011-04-09,1.0,0.0
403,600436,片仔癀,2010,2011-04-09,7.0,0.0
404,000869,张裕A,2010,2011-04-09,14.0,0.0
405,000753,漳州发展,2010,2011-04-09,0.5,0.0
406,000600,建投能源,2010,2011-04-09,0.3,0.0
407,600833,第一医药,2010,2011-04-09,0.5,4.0
408,600658,电子城,2010,2011-04-09,1.3,0.0
409,600595,中孚实业,2010,2011-04-09,0.5,0.0
410,600337,美克家居,2010,2011-04-09,0.5,0.0
411,600255,鑫科材料,2010,2011-04-09,0.5,0.0
412,600216,浙江医药,2010,2011-04-09,7.0,0.0
413,600052,浙江广厦,2010,2011-04-09,0.5,0.0
414,600030,中信证券,2010,2011-04-09,5.0,0.0
415,002546,新联电子,2010,2011-04-08,5.0,0.0
416,002552,宝鼎科技,2010,2011-04-08,2.0,5.0
417,002536,西泵股份,2010,2011-04-08,2.0,0.0
418,300151,昌红科技,2010,2011-04-08,5.0,5.0
419,002502,骅威文化,2010,2011-04-08,2.0,0.0
420,002473,圣莱达,2010,2011-04-08,2.0,10.0
421,002432,九安医疗,2010,2011-04-08,2.0,10.0
422,002398,建研集团,2010,2011-04-08,1.5,3.0
423,002379,*ST鲁丰,2010,2011-04-08,1.0,10.0
424,002376,新北洋,2010,2011-04-08,3.0,10.0
425,300058,蓝色光标,2010,2011-04-08,2.0,0.0
426,002504,弘高创意,2010,2011-04-08,2.0,0.0
427,601299,中国北车,2010,2011-04-08,0.5,0.0
428,300015,爱尔眼科,2010,2011-04-08,1.5,0.0
429,002247,帝龙文化,2010,2011-04-08,3.0,0.0
430,002215,诺普信,2010,2011-04-08,2.0,6.0
431,002204,大连重工,2010,2011-04-08,1.2,0.0
432,002183,怡亚通,2010,2011-04-08,1.1,5.0
433,002121,科陆电子,2010,2011-04-08,0.5,5.0
434,600960,渤海活塞,2010,2011-04-08,1.0,0.0
435,600477,杭萧钢构,2010,2011-04-08,0.3,2.0
436,000983,西山煤电,2010,2011-04-08,5.0,0.0
437,000937,冀中能源,2010,2011-04-08,5.0,10.0
438,000798,中水渔业,2010,2011-04-08,0.5,0.0
439,000713,丰乐种业,2010,2011-04-08,0.5,0.0
440,000707,双环科技,2010,2011-04-08,0.5,0.0
441,000616,海航投资,2010,2011-04-08,1.0,2.0
442,000534,万泽股份,2010,2011-04-08,1.0,0.0
443,600839,四川长虹,2010,2011-04-08,0.0,2.0
444,000402,金融街,2010,2011-04-08,2.5,0.0
445,600697,欧亚集团,2010,2011-04-08,3.0,0.0
446,600664,哈药股份,2010,2011-04-08,5.8,3.0
447,600580,卧龙电气,2010,2011-04-08,0.8,6.0
448,600530,交大昂立,2010,2011-04-08,0.7,0.0
449,600173,卧龙地产,2010,2011-04-08,0.7,0.0
450,600153,建发股份,2010,2011-04-08,1.0,0.0
451,600100,同方股份,2010,2011-04-08,1.0,10.0
452,600008,首创股份,2010,2011-04-08,1.3,0.0
453,002555,三七互娱,2010,2011-04-07,2.0,10.0
454,300165,天瑞仪器,2010,2011-04-07,3.0,6.0
455,002508,老板电器,2010,2011-04-07,3.0,6.0
456,002505,大康农业,2010,2011-04-07,0.5,6.0
457,002480,新筑股份,2010,2011-04-07,3.0,10.0
458,300097,智云股份,2010,2011-04-07,0.5,0.0
459,002374,丽鹏股份,2010,2011-04-07,1.0,6.0
460,002560,通达股份,2010,2011-04-07,0.0,3.1
461,002212,南洋股份,2010,2011-04-07,1.2,10.0
462,002193,山东如意,2010,2011-04-07,0.6,0.0
463,002155,湖南黄金,2010,2011-04-07,1.5,0.0
464,002396,星网锐捷,2010,2011-04-07,1.0,10.0
465,002051,中工国际,2010,2011-04-07,3.5,3.0
466,600967,北方创业,2010,2011-04-07,2.0,0.0
467,000776,广发证券,2010,2011-04-07,5.0,0.0
468,600512,腾达建设,2010,2011-04-07,0.2,0.0
469,600111,北方稀土,2010,2011-04-07,1.0,5.0
470,300137,先河环保,2010,2011-04-06,0.0,3.0
471,300087,荃银高科,2010,2011-04-06,3.0,10.0
472,300007,汉威电子,2010,2011-04-06,1.0,0.0
473,002293,罗莱生活,2010,2011-04-06,14.2,0.0
474,601558,华锐风电,2010,2011-04-06,10.0,10.0
475,600493,凤竹纺织,2010,2011-04-06,0.5,6.0
476,000961,中南建设,2010,2011-04-06,1.0,0.0
477,000957,中通客车,2010,2011-04-06,0.5,0.0
478,000701,厦门信达,2010,2011-04-06,1.5,0.0
479,300173,智慧松德,2010,2011-04-02,2.0,3.0
480,300152,科融环境,2010,2011-04-02,3.0,0.0
481,000982,中银绒业,2010,2011-04-02,0.6,0.0
482,000970,中科三环,2010,2011-04-02,0.7,0.0
483,000833,贵糖股份,2010,2011-04-02,1.0,0.0
484,000690,宝新能源,2010,2011-04-02,0.3,0.0
485,000507,珠海港,2010,2011-04-02,0.4,0.0
486,300088,长信科技,2010,2011-04-01,3.0,10.0
487,002382,蓝帆医疗,2010,2011-04-01,2.0,5.0
488,300111,向日葵,2010,2011-04-01,4.0,0.0
489,601618,中国中冶,2010,2011-04-01,0.5,0.0
490,002287,奇正藏药,2010,2011-04-01,2.8,0.0
491,000739,普洛药业,2010,2011-04-01,0.2,0.0
492,000686,东北证券,2010,2011-04-01,2.0,0.0
493,600853,龙建股份,2010,2011-04-01,0.1,0.0
494,600829,人民同泰,2010,2011-04-01,4.9,5.0
495,600897,厦门空港,2010,2011-04-01,0.9,0.0
496,600741,华域汽车,2010,2011-04-01,2.2,0.0
497,600611,大众交通,2010,2011-04-01,0.8,0.0
498,600536,中国软件,2010,2011-04-01,1.1,0.0
499,600280,中央商场,2010,2011-04-01,1.6,0.0
500,600068,葛洲坝,2010,2011-04-01,1.0,0.0
501,600036,招商银行,2010,2011-04-01,2.9,0.0
502,002540,亚太科技,2010,2011-03-31,2.0,3.0
503,002531,天顺风能,2010,2011-03-31,2.0,0.0
504,002522,浙江众成,2010,2011-03-31,2.0,6.0
505,300145,中金环境,2010,2011-03-31,2.0,8.0
506,300130,新国都,2010,2011-03-31,2.0,8.0
507,300138,晨光生物,2010,2011-03-31,1.5,0.0
508,300073,当升科技,2010,2011-03-31,2.0,10.0
509,300098,高新兴,2010,2011-03-31,3.0,3.0
510,601518,吉林高速,2010,2011-03-31,0.2,0.0
511,002408,齐翔腾达,2010,2011-03-31,5.0,8.0
512,002359,齐星铁塔,2010,2011-03-31,1.5,5.0
513,002339,积成电子,2010,2011-03-31,1.0,0.0
514,300019,硅宝科技,2010,2011-03-31,1.5,0.0
515,601801,皖新传媒,2010,2011-03-31,1.0,0.0
516,300045,华力创通,2010,2011-03-31,2.0,10.0
517,002292,奥飞娱乐,2010,2011-03-31,3.0,6.0
518,002238,天威视讯,2010,2011-03-31,1.0,2.0
519,002252,上海莱士,2010,2011-03-31,4.0,0.0
520,002420,毅昌股份,2010,2011-03-31,1.0,0.0
521,002227,奥特迅,2010,2011-03-31,1.0,0.0
522,601186,中国铁建,2010,2011-03-31,0.5,0.0
523,601992,金隅股份,2010,2011-03-31,0.7,0.0
524,601390,中国中铁,2010,2011-03-31,0.6,0.0
525,002328,新朋股份,2010,2011-03-31,2.0,0.0
526,002174,游族网络,2010,2011-03-31,0.5,0.0
527,002254,泰和新材,2010,2011-03-31,8.0,5.0
528,002148,北纬通信,2010,2011-03-31,1.7,5.0
529,002159,三特索道,2010,2011-03-31,0.5,0.0
530,002248,华东数控,2010,2011-03-31,0.5,0.0
531,601918,*ST新集,2010,2011-03-31,2.0,0.0
532,002208,合肥城建,2010,2011-03-31,1.0,0.0
533,002062,宏润建设,2010,2011-03-31,2.0,0.0
534,002096,南岭民爆,2010,2011-03-31,1.5,0.0
535,002091,江苏国泰,2010,2011-03-31,1.2,2.0
536,002534,杭锅股份,2010,2011-03-31,3.0,0.0
537,002140,东华科技,2010,2011-03-31,1.5,6.0
538,000338,潍柴动力,2010,2011-03-31,4.3,0.0
539,002298,中电鑫龙,2010,2011-03-31,0.8,0.0
540,601328,交通银行,2010,2011-03-31,0.2,1.0
541,601398,工商银行,2010,2011-03-31,1.8,0.0
542,601899,紫金矿业,2010,2011-03-31,1.0,0.0
543,002046,轴研科技,2010,2011-03-31,1.3,0.0
544,002042,华孚色纺,2010,2011-03-31,2.0,0.0
545,002030,达安基因,2010,2011-03-31,0.1,2.0
546,600987,航民股份,2010,2011-03-31,1.8,0.0
547,002015,霞客环保,2010,2011-03-31,0.2,0.0
548,600273,嘉化能源,2010,2011-03-31,1.0,0.0
549,000978,桂林旅游,2010,2011-03-31,1.2,0.0
550,000938,紫光股份,2010,2011-03-31,0.8,0.0
551,000897,津滨发展,2010,2011-03-31,0.2,0.0
552,000848,承德露露,2010,2011-03-31,6.0,2.0
553,000828,东莞控股,2010,2011-03-31,1.8,0.0
554,000826,启迪桑德,2010,2011-03-31,1.0,0.0
555,000811,烟台冰轮,2010,2011-03-31,2.0,5.0
556,000619,海螺型材,2010,2011-03-31,1.0,0.0
557,000548,湖南投资,2010,2011-03-31,0.5,0.0
558,000488,晨鸣纸业,2010,2011-03-31,3.0,0.0
559,600888,新疆众和,2010,2011-03-31,1.0,0.0
560,600875,东方电气,2010,2011-03-31,1.3,0.0
561,600801,华新水泥,2010,2011-03-31,2.0,20.0
562,600796,钱江生化,2010,2011-03-31,0.2,1.0
563,600795,国电电力,2010,2011-03-31,1.0,0.0
564,600787,中储股份,2010,2011-03-31,0.4,0.0
565,000066,长城电脑,2010,2011-03-31,0.5,0.0
566,000060,中金岭南,2010,2011-03-31,0.2,3.0
567,000021,深科技,2010,2011-03-31,1.5,0.0
568,000006,深振业A,2010,2011-03-31,0.6,3.0
569,600650,锦江投资,2010,2011-03-31,3.0,0.0
570,600600,青岛啤酒,2010,2011-03-31,1.8,0.0
571,600597,光明乳业,2010,2011-03-31,1.2,0.0
572,600588,用友网络,2010,2011-03-31,2.2,0.0
573,600388,龙净环保,2010,2011-03-31,4.8,0.0
574,600345,长江通信,2010,2011-03-31,2.0,0.0
575,600329,中新药业,2010,2011-03-31,2.0,0.0
576,600323,瀚蓝环境,2010,2011-03-31,2.0,2.0
577,600300,维维股份,2010,2011-03-31,0.6,0.0
578,600238,海南椰岛,2010,2011-03-31,0.5,5.0
579,600171,上海贝岭,2010,2011-03-31,0.1,0.0
580,600104,上汽集团,2010,2011-03-31,2.0,0.0
581,600089,特变电工,2010,2011-03-31,1.0,3.0
582,600019,宝钢股份,2010,2011-03-31,3.0,0.0
583,601700,风范股份,2010,2011-03-30,3.5,0.0
584,300166,东方国信,2010,2011-03-30,5.0,0.0
585,002539,云图控股,2010,2011-03-30,3.0,0.0
586,601933,永辉超市,2010,2011-03-30,1.0,0.0
587,300158,振东制药,2010,2011-03-30,3.0,0.0
588,300148,天舟文化,2010,2011-03-30,1.5,3.0
589,300154,瑞凌股份,2010,2011-03-30,5.0,10.0
590,002491,通鼎互联,2010,2011-03-30,1.0,0.0
591,300123,太阳鸟,2010,2011-03-30,1.0,6.0
592,002445,中南文化,2010,2011-03-30,2.0,0.0
593,002466,天齐锂业,2010,2011-03-30,1.0,5.0
594,300067,安诺其,2010,2011-03-30,3.0,5.0
595,300068,南都电源,2010,2011-03-30,1.0,2.0
596,300039,上海凯宝,2010,2011-03-30,4.0,5.0
597,002474,榕基软件,2010,2011-03-30,6.0,0.0
598,002319,乐通股份,2010,2011-03-30,1.0,0.0
599,002313,日海通讯,2010,2011-03-30,3.0,0.0
600,300127,银河磁体,2010,2011-03-30,2.8,0.0
601,002315,焦点科技,2010,2011-03-30,8.0,0.0
602,601766,中国中车,2010,2011-03-30,0.4,0.0
603,300114,中航电测,2010,2011-03-30,1.2,5.0
604,002199,*ST东晶,2010,2011-03-30,1.3,0.0
605,002304,洋河股份,2010,2011-03-30,10.0,10.0
606,002180,艾派克,2010,2011-03-30,1.0,5.0
607,002179,中航光电,2010,2011-03-30,0.7,0.0
608,002173,*ST创疗,2010,2011-03-30,0.0,10.0
609,002149,西部材料,2010,2011-03-30,2.0,0.0
610,002279,久其软件,2010,2011-03-30,3.0,0.0
611,002118,紫鑫药业,2010,2011-03-30,0.0,10.0
612,002234,民和股份,2010,2011-03-30,1.0,0.0
613,601919,中远海控,2010,2011-03-30,0.9,0.0
614,002337,赛象科技,2010,2011-03-30,2.5,6.0
615,601158,重庆水务,2010,2011-03-30,1.9,0.0
616,601111,中国国航,2010,2011-03-30,1.2,0.0
617,601318,中国平安,2010,2011-03-30,4.0,0.0
618,601288,农业银行,2010,2011-03-30,0.5,0.0
619,002490,山东墨龙,2010,2011-03-30,1.5,0.0
620,002022,科华生物,2010,2011-03-30,3.0,0.0
621,600997,开滦股份,2010,2011-03-30,1.0,0.0
622,600992,贵绳股份,2010,2011-03-30,0.6,0.0
623,600976,健民集团,2010,2011-03-30,3.0,0.0
624,600517,置信电气,2010,2011-03-30,4.0,0.0
625,000898,鞍钢股份,2010,2011-03-30,1.5,0.0
626,000888,峨眉山A,2010,2011-03-30,1.2,0.0
627,000858,五粮液,2010,2011-03-30,3.0,0.0
628,000726,鲁泰A,2010,2011-03-30,2.5,0.0
629,000650,仁和药业,2010,2011-03-30,0.6,5.0
630,600889,南京化纤,2010,2011-03-30,0.5,0.0
631,600834,申通地铁,2010,2011-03-30,0.6,0.0
632,600708,光明地产,2010,2011-03-30,1.0,0.0
633,600685,中船防务,2010,2011-03-30,1.0,3.0
634,600621,华鑫股份,2010,2011-03-30,1.0,0.0
635,600551,时代出版,2010,2011-03-30,1.0,2.0
636,600510,黑牡丹,2010,2011-03-30,1.5,0.0
637,600391,成发科技,2010,2011-03-30,1.0,0.0
638,600362,江西铜业,2010,2011-03-30,2.0,0.0
639,600322,天房发展,2010,2011-03-30,0.5,0.0
640,600316,洪都航空,2010,2011-03-30,2.0,0.0
641,600289,亿阳信通,2010,2011-03-30,0.5,0.0
642,600200,江苏吴中,2010,2011-03-30,0.2,0.0
643,600055,万东医疗,2010,2011-03-30,0.7,0.0
644,600050,中国联通,2010,2011-03-30,0.3,0.0
645,600038,中直股份,2010,2011-03-30,1.0,0.0
646,600011,华能国际,2010,2011-03-30,2.0,0.0
647,600000,浦发银行,2010,2011-03-30,1.6,3.0
648,300182,捷成股份,2010,2011-03-29,5.0,10.0
649,002526,山东矿机,2010,2011-03-29,3.0,0.0
650,002524,光正集团,2010,2011-03-29,0.5,10.0
651,300155,安居宝,2010,2011-03-29,8.0,15.0
652,300136,信维通信,2010,2011-03-29,3.0,10.0
653,300179,四方达,2010,2011-03-29,1.0,0.0
654,002444,巨星科技,2010,2011-03-29,10.0,10.0
655,002469,三维工程,2010,2011-03-29,3.0,7.0
656,300083,劲胜精密,2010,2011-03-29,2.0,10.0
657,002426,胜利精密,2010,2011-03-29,0.8,0.0
658,300063,天龙集团,2010,2011-03-29,3.0,0.0
659,002406,远东传动,2010,2011-03-29,3.0,5.0
660,002395,双象股份,2010,2011-03-29,3.0,0.0
661,002455,百川股份,2010,2011-03-29,3.0,5.0
662,300020,银江股份,2010,2011-03-29,1.0,5.0
663,002317,众生药业,2010,2011-03-29,5.0,5.0
664,002314,南山控股,2010,2011-03-29,2.5,0.0
665,300142,沃森生物,2010,2011-03-29,0.0,5.0
666,300066,三川智慧,2010,2011-03-29,4.0,10.0
667,300171,东富龙,2010,2011-03-29,8.0,10.0
668,002291,星期六,2010,2011-03-29,0.0,3.0
669,002277,友阿股份,2010,2011-03-29,1.5,0.0
670,300140,中环装备,2010,2011-03-29,5.0,10.0
671,002221,东华能源,2010,2011-03-29,0.2,0.0
672,002407,多氟多,2010,2011-03-29,2.0,3.0
673,002189,利达光电,2010,2011-03-29,0.2,0.0
674,002295,精艺股份,2010,2011-03-29,1.5,5.0
675,002163,中航三鑫,2010,2011-03-29,1.0,10.0
676,601958,金钼股份,2010,2011-03-29,2.5,0.0
677,601101,昊华能源,2010,2011-03-29,7.0,12.0
678,002090,金智科技,2010,2011-03-29,0.5,0.0
679,002461,珠江啤酒,2010,2011-03-29,0.5,0.0
680,601699,潞安环能,2010,2011-03-29,10.0,10.0
681,002066,瑞泰科技,2010,2011-03-29,1.5,0.0
682,002055,得润电子,2010,2011-03-29,0.5,0.0
683,601880,大连港,2010,2011-03-29,0.5,0.0
684,002222,福晶科技,2010,2011-03-29,2.0,5.0
685,002457,青龙管业,2010,2011-03-29,3.0,6.0
686,002272,川润股份,2010,2011-03-29,0.0,5.0
687,300105,龙源技术,2010,2011-03-29,1.2,8.0
688,002060,粤水电,2010,2011-03-29,0.8,0.0
689,002356,赫美集团,2010,2011-03-29,3.0,0.0
690,601166,兴业银行,2010,2011-03-29,4.6,8.0
691,002044,美年健康,2010,2011-03-29,0.5,3.8
692,600981,汇鸿集团,2010,2011-03-29,0.5,0.0
693,002007,华兰生物,2010,2011-03-29,3.0,0.0
694,002001,新和成,2010,2011-03-29,5.0,0.0
695,600963,岳阳林纸,2010,2011-03-29,0.3,0.0
696,600439,瑞贝卡,2010,2011-03-29,1.0,0.0
697,600521,华海药业,2010,2011-03-29,1.0,2.0
698,000987,越秀金控,2010,2011-03-29,4.0,0.0
699,000916,华北高速,2010,2011-03-29,0.8,0.0
700,000636,风华高科,2010,2011-03-29,2.0,0.0
701,000562,宏源证券,2010,2011-03-29,2.6,0.0
702,600871,石化油服,2010,2011-03-29,0.3,0.0
703,600830,香溢融通,2010,2011-03-29,0.5,0.0
704,600805,悦达投资,2010,2011-03-29,2.0,3.0
705,600798,宁波海运,2010,2011-03-29,0.4,0.0
706,600764,中电广通,2010,2011-03-29,0.2,0.0
707,600754,锦江股份,2010,2011-03-29,3.8,0.0
708,000157,中联重科,2010,2011-03-29,2.6,3.0
709,000065,北方国际,2010,2011-03-29,0.6,0.0
710,000022,深赤湾A,2010,2011-03-29,4.6,0.0
711,600295,鄂尔多斯,2010,2011-03-29,1.0,0.0
712,600896,览海投资,2010,2011-03-29,0.2,0.0
713,600750,江中药业,2010,2011-03-29,3.0,0.0
714,600682,南京新百,2010,2011-03-29,1.0,0.0
715,600585,海螺水泥,2010,2011-03-29,3.0,5.0
716,600535,天士力,2010,2011-03-29,6.0,0.0
717,600339,*ST油工,2010,2011-03-29,1.5,1.0
718,600327,大东方,2010,2011-03-29,1.0,0.0
719,600305,恒顺醋业,2010,2011-03-29,0.8,0.0
720,600303,曙光股份,2010,2011-03-29,0.7,10.0
721,600287,江苏舜天,2010,2011-03-29,0.3,0.0
722,600267,海正药业,2010,2011-03-29,1.5,0.0
723,600236,桂冠电力,2010,2011-03-29,0.5,0.0
724,600169,太原重工,2010,2011-03-29,0.5,10.0
725,600141,兴发集团,2010,2011-03-29,1.0,0.0
726,600079,人福医药,2010,2011-03-29,0.4,0.0
727,600072,中船科技,2010,2011-03-29,0.0,2.0
728,600064,南京高科,2010,2011-03-29,1.0,0.0
729,300159,新研股份,2010,2011-03-28,3.0,12.0
730,002532,新界泵业,2010,2011-03-28,1.0,10.0
731,002519,银河电子,2010,2011-03-28,5.0,10.0
732,002521,齐峰新材,2010,2011-03-28,0.0,4.0
733,300125,易世达,2010,2011-03-28,2.0,10.0
734,002471,中超控股,2010,2011-03-28,3.0,3.0
735,002464,金利科技,2010,2011-03-28,4.5,0.0
736,002442,龙星化工,2010,2011-03-28,2.0,6.0
737,002404,嘉欣丝绸,2010,2011-03-28,3.0,3.0
738,002399,海普瑞,2010,2011-03-28,20.0,10.0
739,002329,皇氏集团,2010,2011-03-28,1.0,10.0
740,300017,网宿科技,2010,2011-03-28,1.0,0.0
741,300018,中元股份,2010,2011-03-28,1.5,0.0
742,300071,华谊嘉信,2010,2011-03-28,1.0,10.0
743,300012,华测检测,2010,2011-03-28,3.0,5.0
744,300072,三聚环保,2010,2011-03-28,1.5,10.0
745,300079,数码视讯,2010,2011-03-28,5.0,10.0
746,300028,金亚科技,2010,2011-03-28,2.0,5.0
747,002520,日发精机,2010,2011-03-28,10.0,5.0
748,002300,太阳电缆,2010,2011-03-28,4.5,5.0
749,601601,中国太保,2010,2011-03-28,3.5,0.0
750,601939,建设银行,2010,2011-03-28,2.1,0.0
751,600483,福能股份,2010,2011-03-28,0.3,0.0
752,600021,上海电力,2010,2011-03-28,0.5,0.0
753,600502,安徽水利,2010,2011-03-28,0.7,5.0
754,000948,南天信息,2010,2011-03-28,0.5,0.0
755,000159,国际实业,2010,2011-03-28,0.4,0.0
756,600688,上海石化,2010,2011-03-28,1.0,0.0
757,600332,白云山,2010,2011-03-28,0.5,0.0
758,600315,上海家化,2010,2011-03-28,2.5,0.0
759,600188,兖州煤业,2010,2011-03-28,5.9,0.0
760,600028,中国石化,2010,2011-03-28,1.3,0.0
761,002483,润邦股份,2010,2011-03-26,0.0,8.0
762,300102,乾照光电,2010,2011-03-26,5.0,15.0
763,002421,达实智能,2010,2011-03-26,0.0,3.0
764,002375,亚厦股份,2010,2011-03-26,2.5,10.0
765,002351,漫步者,2010,2011-03-26,4.0,10.0
766,002340,格林美,2010,2011-03-26,1.0,10.0
767,300041,回天新材,2010,2011-03-26,6.0,6.0
768,002365,永安药业,2010,2011-03-26,3.0,10.0
769,002262,恩华药业,2010,2011-03-26,0.5,0.0
770,601777,力帆股份,2010,2011-03-26,3.5,0.0
771,002231,奥维通信,2010,2011-03-26,1.0,0.0
772,002192,融捷股份,2010,2011-03-26,0.5,0.0
773,002158,汉钟精机,2010,2011-03-26,3.0,2.0
774,300040,九洲电气,2010,2011-03-26,1.0,0.0
775,002089,新海宜,2010,2011-03-26,1.5,5.0
776,002202,金风科技,2010,2011-03-26,3.4,0.0
777,601168,西部矿业,2010,2011-03-26,1.8,0.0
778,601727,上海电气,2010,2011-03-26,0.7,0.0
779,002332,仙琚制药,2010,2011-03-26,3.5,0.0
780,002187,广百股份,2010,2011-03-26,2.0,5.0
781,601088,中国神华,2010,2011-03-26,7.5,0.0
782,002106,莱宝高科,2010,2011-03-26,2.0,4.0
783,600970,中材国际,2010,2011-03-26,0.3,2.0
784,002032,苏泊尔,2010,2011-03-26,2.8,0.0
785,600470,六国化工,2010,2011-03-26,1.5,6.0
786,600015,华夏银行,2010,2011-03-26,2.0,0.0
787,600481,双良节能,2010,2011-03-26,3.0,0.0
788,000990,诚志股份,2010,2011-03-26,0.4,0.0
789,000951,中国重汽,2010,2011-03-26,2.5,0.0
790,000821,京山轻机,2010,2011-03-26,0.4,0.0
791,000759,中百集团,2010,2011-03-26,1.2,0.0
792,000711,京蓝科技,2010,2011-03-26,0.2,0.0
793,000596,古井贡酒,2010,2011-03-26,3.5,0.0
794,000568,泸州老窖,2010,2011-03-26,10.0,0.0
795,000538,云南白药,2010,2011-03-26,1.0,0.0
796,600720,祁连山,2010,2011-03-26,1.5,0.0
797,600702,沱牌舍得,2010,2011-03-26,0.6,0.0
798,600649,城投控股,2010,2011-03-26,1.0,0.0
799,600601,方正科技,2010,2011-03-26,0.1,0.0
800,600566,济川药业,2010,2011-03-26,0.1,0.0
801,600548,深高速,2010,2011-03-26,1.6,0.0
802,600196,复星医药,2010,2011-03-26,1.0,0.0
803,600158,中体产业,2010,2011-03-26,0.1,0.5
804,600152,维科精华,2010,2011-03-26,0.6,0.0
805,600128,弘业股份,2010,2011-03-26,0.8,0.0
806,600081,东风科技,2010,2011-03-26,1.2,0.0
807,600078,澄星股份,2010,2011-03-26,0.1,0.0
808,600058,五矿发展,2010,2011-03-26,1.5,0.0
809,600016,民生银行,2010,2011-03-26,1.0,0.0
810,600010,包钢股份,2010,2011-03-26,0.1,0.0
811,600006,东风汽车,2010,2011-03-26,1.2,0.0
812,300177,中海达,2010,2011-03-25,2.0,0.0
813,002533,金杯电工,2010,2011-03-25,2.0,10.0
814,300169,天晟新材,2010,2011-03-25,5.0,5.0
815,002515,金字火腿,2010,2011-03-25,2.0,3.0
816,002518,科士达,2010,2011-03-25,3.0,0.0
817,300107,建新股份,2010,2011-03-25,4.5,10.0
818,300126,锐奇股份,2010,2011-03-25,1.2,8.0
819,002435,长江润发,2010,2011-03-25,1.0,0.0
820,002428,云南锗业,2010,2011-03-25,1.5,3.0
821,002510,天汽模,2010,2011-03-25,1.2,0.0
822,300103,达刚路机,2010,2011-03-25,2.0,8.0
823,002312,三泰控股,2010,2011-03-25,0.0,5.0
824,300009,安科生物,2010,2011-03-25,2.5,2.5
825,300117,嘉寓股份,2010,2011-03-25,1.0,10.0
826,300047,天源迪科,2010,2011-03-25,3.0,5.0
827,002303,美盈森,2010,2011-03-25,3.0,0.0
828,002496,辉丰股份,2010,2011-03-25,6.0,6.0
829,002285,世联行,2010,2011-03-25,2.0,5.0
830,002225,濮耐股份,2010,2011-03-25,0.8,3.0
831,002218,拓日新能,2010,2011-03-25,0.5,5.0
832,002213,特尔佳,2010,2011-03-25,0.5,0.0
833,002156,通富微电,2010,2011-03-25,0.0,6.0
834,002152,广电运通,2010,2011-03-25,2.0,3.0
835,002123,梦网荣信,2010,2011-03-25,0.0,5.0
836,002095,生意宝,2010,2011-03-25,1.0,2.0
837,300149,量子高科,2010,2011-03-25,1.4,10.0
838,002338,奥普光电,2010,2011-03-25,5.0,0.0
839,601333,广深铁路,2010,2011-03-25,0.9,0.0
840,601988,中国银行,2010,2011-03-25,1.5,0.0
841,002053,云南能投,2010,2011-03-25,0.5,0.0
842,002039,黔源电力,2010,2011-03-25,1.7,0.0
843,000993,闽东电力,2010,2011-03-25,1.2,0.0
844,000881,中广核技,2010,2011-03-25,2.0,0.0
845,000679,大连友谊,2010,2011-03-25,0.4,5.0
846,600884,杉杉股份,2010,2011-03-25,0.8,0.0
847,600874,创业环保,2010,2011-03-25,1.1,0.0
848,600859,王府井,2010,2011-03-25,3.0,0.0
849,600835,上海机电,2010,2011-03-25,2.0,0.0
850,000400,许继电气,2010,2011-03-25,1.0,0.0
851,600549,厦门钨业,2010,2011-03-25,2.0,0.0
852,600525,长园集团,2010,2011-03-25,1.0,10.0
853,600266,北京城建,2010,2011-03-25,1.5,0.0
854,600170,上海建工,2010,2011-03-25,1.5,0.0
855,600125,铁龙物流,2010,2011-03-25,0.0,3.0
856,002548,金新农,2010,2011-03-24,3.0,0.0
857,002284,亚太股份,2010,2011-03-24,1.0,5.0
858,002423,*ST中特,2010,2011-03-24,0.6,0.0
859,300161,华中数控,2010,2011-03-24,3.0,0.0
860,300049,福瑞股份,2010,2011-03-24,3.0,3.0
861,601588,北辰实业,2010,2011-03-24,0.2,0.0
862,600271,航天信息,2010,2011-03-24,4.0,0.0
863,000651,格力电器,2010,2011-03-24,3.0,0.0
864,600719,大连热电,2010,2011-03-24,0.1,0.0
865,600717,天津港,2010,2011-03-24,1.0,0.0
866,600622,嘉宝集团,2010,2011-03-24,1.5,0.0
867,600270,外运发展,2010,2011-03-24,1.0,0.0
868,600166,福田汽车,2010,2011-03-24,2.8,10.0
869,600132,重庆啤酒,2010,2011-03-24,3.0,0.0
870,600007,中国国贸,2010,2011-03-24,0.9,0.0
871,002530,丰东股份,2010,2011-03-23,2.0,0.0
872,300113,顺网科技,2010,2011-03-23,2.5,12.0
873,300124,汇川技术,2010,2011-03-23,12.0,10.0
874,002409,雅克科技,2010,2011-03-23,2.0,0.0
875,002529,海源机械,2010,2011-03-23,3.1,0.0
876,002450,康得新,2010,2011-03-23,0.5,10.0
877,002372,伟星新材,2010,2011-03-23,3.0,0.0
878,002544,杰赛科技,2010,2011-03-23,2.5,10.0
879,601898,中煤能源,2010,2011-03-23,1.6,0.0
880,002182,云海金属,2010,2011-03-23,0.0,5.0
881,601808,中海油服,2010,2011-03-23,1.8,0.0
882,601107,四川成渝,2010,2011-03-23,0.9,0.0
883,601628,中国人寿,2010,2011-03-23,4.0,0.0
884,601991,大唐发电,2010,2011-03-23,0.7,0.0
885,600985,雷鸣科化,2010,2011-03-23,1.2,2.0
886,600489,中金黄金,2010,2011-03-23,1.0,3.0
887,000637,茂化实华,2010,2011-03-23,1.7,0.0
888,000552,靖远煤电,2010,2011-03-23,0.3,0.0
889,000536,华映科技,2010,2011-03-23,0.6,0.0
890,600820,隧道股份,2010,2011-03-23,2.0,0.0
891,600808,马钢股份,2010,2011-03-23,0.5,0.0
892,600806,*ST昆机,2010,2011-03-23,0.5,0.0
893,000039,中集集团,2010,2011-03-23,3.5,0.0
894,000009,中国宝安,2010,2011-03-23,0.2,0.0
895,600508,上海能源,2010,2011-03-23,2.5,0.0
896,300170,汉得信息,2010,2011-03-22,3.0,4.0
897,002497,雅化集团,2010,2011-03-22,3.0,10.0
898,002470,金正大,2010,2011-03-22,1.0,0.0
899,300046,台基股份,2010,2011-03-22,6.0,10.0
900,002357,富临运业,2010,2011-03-22,1.0,10.0
901,002353,杰瑞股份,2010,2011-03-22,8.0,10.0
902,300025,华星创业,2010,2011-03-22,1.0,5.0
903,300033,同花顺,2010,2011-03-22,2.1,0.0
904,002305,南国置业,2010,2011-03-22,1.2,10.0
905,002412,汉森制药,2010,2011-03-22,10.0,10.0
906,002294,信立泰,2010,2011-03-22,6.0,6.0
907,300115,长盈精密,2010,2011-03-22,6.0,10.0
908,002418,康盛股份,2010,2011-03-22,1.5,6.0
909,002251,步步高,2010,2011-03-22,3.0,0.0
910,002147,新光圆成,2010,2011-03-22,1.5,0.0
911,002232,启明信息,2010,2011-03-22,0.0,4.0
912,601002,晋亿实业,2010,2011-03-22,2.0,0.0
913,002108,沧州明珠,2010,2011-03-22,0.3,8.0
914,002079,苏州固锝,2010,2011-03-22,0.0,3.0
915,002064,华峰氨纶,2010,2011-03-22,1.0,0.0
916,002347,泰尔股份,2010,2011-03-22,2.0,0.0
917,002265,西仪股份,2010,2011-03-22,0.1,0.0
918,002119,康强电子,2010,2011-03-22,0.5,0.0
919,600545,新疆城建,2010,2011-03-22,0.5,0.0
920,600570,恒生电子,2010,2011-03-22,0.5,0.0
921,000933,*ST神火,2010,2011-03-22,2.0,6.0
922,000919,金陵药业,2010,2011-03-22,1.5,0.0
923,000748,长城信息,2010,2011-03-22,0.5,0.0
924,000728,国元证券,2010,2011-03-22,3.0,0.0
925,000715,中兴商业,2010,2011-03-22,1.0,0.0
926,600857,宁波中百,2010,2011-03-22,0.3,0.0
927,600845,宝信软件,2010,2011-03-22,3.0,6.0
928,600761,安徽合力,2010,2011-03-22,3.0,2.0
929,000028,国药一致,2010,2011-03-22,1.2,0.0
930,000024,招商地产,2010,2011-03-22,1.2,0.0
931,000012,南玻A,2010,2011-03-22,3.5,0.0
932,600651,飞乐音响,2010,2011-03-22,0.4,0.0
933,600616,金枫酒业,2010,2011-03-22,1.5,0.0
934,600590,泰豪科技,2010,2011-03-22,0.5,0.0
935,600581,*ST八钢,2010,2011-03-22,2.2,0.0
936,600558,大西洋,2010,2011-03-22,1.0,0.0
937,600310,桂东电力,2010,2011-03-22,5.0,5.0
938,600309,万华化学,2010,2011-03-22,4.0,3.0
939,600290,华仪电气,2010,2011-03-22,0.5,5.0
940,600269,赣粤高速,2010,2011-03-22,1.0,0.0
941,600233,圆通速递,2010,2011-03-22,1.5,0.0
942,600195,中牧股份,2010,2011-03-22,3.0,0.0
943,600096,云天化,2010,2011-03-22,2.0,0.0
944,600085,同仁堂,2010,2011-03-22,3.5,15.0
945,600053,九鼎投资,2010,2011-03-22,0.0,2.0
946,600051,宁波联合,2010,2011-03-22,1.5,0.0
947,002380,科远股份,2010,2011-03-21,2.5,0.0
948,002275,桂林三金,2010,2011-03-21,2.2,3.0
949,601126,四方股份,2010,2011-03-21,2.0,0.0
950,000756,新华制药,2010,2011-03-21,0.5,0.0
951,600519,贵州茅台,2010,2011-03-21,23.0,1.0
952,600511,国药股份,2010,2011-03-21,1.5,0.0
953,600377,宁沪高速,2010,2011-03-21,3.6,0.0
954,002559,亚威股份,2010,2011-03-19,2.0,0.0
955,300168,万达信息,2010,2011-03-19,1.0,0.0
956,002384,东山精密,2010,2011-03-19,0.0,2.0
957,601519,大智慧,2010,2011-03-19,1.5,0.0
958,002489,浙江永强,2010,2011-03-19,10.0,0.0
959,300052,中青宝,2010,2011-03-19,2.0,0.0
960,002194,武汉凡谷,2010,2011-03-19,2.5,0.0
961,002115,三维通信,2010,2011-03-19,1.5,0.0
962,002141,贤丰控股,2010,2011-03-19,0.4,6.0
963,002101,广东鸿图,2010,2011-03-19,2.0,10.0
964,002028,思源电气,2010,2011-03-19,8.0,0.0
965,002017,东信和平,2010,2011-03-19,3.0,1.0
966,600993,马应龙,2010,2011-03-19,0.5,10.0
967,600459,贵研铂业,2010,2011-03-19,0.7,3.0
968,600343,航天动力,2010,2011-03-19,1.0,0.0
969,600370,三房巷,2010,2011-03-19,1.0,0.0
970,000905,厦门港务,2010,2011-03-19,0.3,0.0
971,000823,超声电子,2010,2011-03-19,1.0,0.0
972,000816,智慧农业,2010,2011-03-19,0.1,0.0
973,000810,创维数字,2010,2011-03-19,2.0,0.0
974,000786,北新建材,2010,2011-03-19,1.7,0.0
975,000591,太阳能,2010,2011-03-19,1.0,4.0
976,000581,威孚高科,2010,2011-03-19,4.4,0.0
977,600858,银座股份,2010,2011-03-19,0.5,0.0
978,000407,胜利股份,2010,2011-03-19,0.6,3.0
979,000089,深圳机场,2010,2011-03-19,0.5,0.0
980,000062,深圳华强,2010,2011-03-19,0.5,0.0
981,600666,奥瑞德,2010,2011-03-19,1.0,5.0
982,600647,同达创业,2010,2011-03-19,0.3,0.0
983,600268,国电南自,2010,2011-03-19,1.5,10.0
984,600126,杭钢股份,2010,2011-03-19,0.6,0.0
985,600116,三峡水利,2010,2011-03-19,1.0,0.0
986,002535,林州重机,2010,2011-03-18,1.3,10.0
987,002501,利源精制,2010,2011-03-18,3.0,10.0
988,002486,嘉麟杰,2010,2011-03-18,1.5,0.0
989,002477,雏鹰农牧,2010,2011-03-18,4.5,10.0
990,002475,立讯精密,2010,2011-03-18,3.0,5.0
991,002484,江海股份,2010,2011-03-18,3.8,0.0
992,002458,益生股份,2010,2011-03-18,3.0,3.0
993,300080,易成新能,2010,2011-03-18,4.0,10.0
994,002538,司尔特,2010,2011-03-18,2.0,0.0
995,002321,华英农业,2010,2011-03-18,2.0,0.0
996,300003,乐普医疗,2010,2011-03-18,2.5,0.0
997,300005,探路者,2010,2011-03-18,1.0,10.0
998,300037,新宙邦,2010,2011-03-18,3.0,0.0
999,300021,大禹节水,2010,2011-03-18,1.0,10.0
1000,002280,联络互动,2010,2011-03-18,2.0,0.0
1001,002264,新华都,2010,2011-03-18,1.0,0.0
1002,002259,升达林业,2010,2011-03-18,0.5,0.0
1003,002391,长青股份,2010,2011-03-18,3.0,3.0
1004,002169,智光电气,2010,2011-03-18,0.4,5.0
1005,002151,北斗星通,2010,2011-03-18,3.0,5.0
1006,002129,中环股份,2010,2011-03-18,0.3,5.0
1007,002122,天马股份,2010,2011-03-18,1.0,0.0
1008,002109,*ST兴化,2010,2011-03-18,0.9,0.0
1009,002362,汉王科技,2010,2011-03-18,0.0,10.0
1010,002070,众和股份,2010,2011-03-18,0.0,3.0
1011,002146,荣盛发展,2010,2011-03-18,1.0,3.0
1012,002080,中材科技,2010,2011-03-18,3.0,10.0
1013,002196,方正电机,2010,2011-03-18,1.5,5.0
1014,601857,中国石油,2010,2011-03-18,1.8,0.0
1015,002031,巨轮智能,2010,2011-03-18,0.6,5.0
1016,600995,文山电力,2010,2011-03-18,0.6,0.0
1017,600572,康恩贝,2010,2011-03-18,1.0,10.0
1018,600031,三一重工,2010,2011-03-18,0.6,5.0
1019,600584,长电科技,2010,2011-03-18,0.6,0.0
1020,000877,天山股份,2010,2011-03-18,4.0,0.0
1021,000859,国风塑业,2010,2011-03-18,0.5,0.0
1022,000780,平庄能源,2010,2011-03-18,1.0,0.0
1023,000729,燕京啤酒,2010,2011-03-18,2.0,0.0
1024,000617,中油资本,2010,2011-03-18,0.3,0.0
1025,000550,江铃汽车,2010,2011-03-18,7.9,0.0
1026,000543,皖能电力,2010,2011-03-18,0.2,0.0
1027,600819,耀皮玻璃,2010,2011-03-18,0.4,0.0
1028,600807,天业股份,2010,2011-03-18,0.0,10.0
1029,000063,中兴通讯,2010,2011-03-18,3.0,2.0
1030,600736,苏州高新,2010,2011-03-18,0.1,2.0
1031,600690,青岛海尔,2010,2011-03-18,0.0,10.0
1032,600676,交运股份,2010,2011-03-18,1.2,0.0
1033,600582,天地科技,2010,2011-03-18,1.0,0.0
1034,600560,金自天正,2010,2011-03-18,1.0,5.0
1035,600528,中铁工业,2010,2011-03-18,1.1,0.0
1036,600522,中天科技,2010,2011-03-18,1.0,0.0
1037,600458,时代新材,2010,2011-03-18,1.0,12.0
1038,600426,华鲁恒升,2010,2011-03-18,1.0,5.0
1039,600418,江淮汽车,2010,2011-03-18,2.0,0.0
1040,600383,金地集团,2010,2011-03-18,0.6,0.0
1041,600197,伊力特,2010,2011-03-18,2.0,0.0
1042,600102,莱钢股份,2010,2011-03-18,0.6,0.0
1043,002368,太极股份,2010,2011-03-17,6.0,10.0
1044,002415,海康威视,2010,2011-03-17,6.0,10.0
1045,300002,神州泰岳,2010,2011-03-17,3.0,2.0
1046,601007,金陵饭店,2010,2011-03-17,1.0,0.0
1047,002092,中泰化学,2010,2011-03-17,0.5,0.0
1048,300034,钢研高纳,2010,2011-03-17,0.8,8.0
1049,000789,万年青,2010,2011-03-17,0.8,0.0
1050,000527,美的电器,2010,2011-03-17,1.0,0.0
1051,600785,新华百货,2010,2011-03-17,3.0,0.0
1052,600748,上实发展,2010,2011-03-17,0.4,0.0
1053,600563,法拉电子,2010,2011-03-17,4.5,0.0
1054,600119,长江投资,2010,2011-03-17,0.5,0.0
1055,600026,中远海能,2010,2011-03-17,1.7,0.0
1056,300132,青松股份,2010,2011-03-16,3.0,8.0
1057,300090,盛运环保,2010,2011-03-16,0.0,10.0
1058,002492,恒基达鑫,2010,2011-03-16,2.0,0.0
1059,300004,南风股份,2010,2011-03-16,1.0,10.0
1060,300101,振芯科技,2010,2011-03-16,3.0,10.0
1061,002242,九阳股份,2010,2011-03-16,5.0,0.0
1062,002244,滨江集团,2010,2011-03-16,0.7,0.0
1063,002210,飞马国际,2010,2011-03-16,0.3,0.0
1064,002198,嘉应制药,2010,2011-03-16,0.5,2.5
1065,002290,禾盛新材,2010,2011-03-16,1.5,0.0
1066,600983,惠而浦,2010,2011-03-16,1.0,0.0
1067,002024,苏宁云商,2010,2011-03-16,1.0,0.0
1068,600982,宁波热电,2010,2011-03-16,1.0,0.0
1069,002010,传化智联,2010,2011-03-16,0.5,10.0
1070,600573,惠泉啤酒,2010,2011-03-16,0.8,0.0
1071,600776,东方通信,2010,2011-03-16,1.2,0.0
1072,000418,小天鹅A,2010,2011-03-16,1.0,0.0
1073,600648,外高桥,2010,2011-03-16,1.4,0.0
1074,600376,首开股份,2010,2011-03-16,2.0,3.0
1075,600183,生益科技,2010,2011-03-16,3.0,0.0
1076,600123,兰花科创,2010,2011-03-16,5.0,0.0
1077,600067,冠城大通,2010,2011-03-16,0.5,0.0
1078,601137,博威合金,2010,2011-03-15,2.0,0.0
1079,300153,科泰电源,2010,2011-03-15,3.0,10.0
1080,300119,瑞普生物,2010,2011-03-15,10.0,10.0
1081,601000,唐山港,2010,2011-03-15,1.2,0.0
1082,601369,陕鼓动力,2010,2011-03-15,5.0,5.0
1083,300050,世纪鼎利,2010,2011-03-15,4.0,10.0
1084,300010,立思辰,2010,2011-03-15,2.0,5.0
1085,002360,同德化工,2010,2011-03-15,3.0,10.0
1086,002127,南极电商,2010,2011-03-15,0.5,2.0
1087,002069,*ST獐岛,2010,2011-03-15,5.0,5.0
1088,002393,力生制药,2010,2011-03-15,9.0,0.0
1089,002186,全聚德,2010,2011-03-15,5.0,0.0
1090,300077,国民技术,2010,2011-03-15,5.0,15.0
1091,600971,恒源煤电,2010,2011-03-15,8.0,0.0
1092,600410,华胜天成,2010,2011-03-15,1.2,0.0
1093,000962,*ST东钽,2010,2011-03-15,0.5,0.0
1094,000666,经纬纺机,2010,2011-03-15,0.7,0.0
1095,000601,韶能股份,2010,2011-03-15,0.2,0.0
1096,000559,万向钱潮,2010,2011-03-15,3.0,3.0
1097,600815,厦工股份,2010,2011-03-15,1.0,0.0
1098,600893,中航动力,2010,2011-03-15,1.1,10.0
1099,600663,陆家嘴,2010,2011-03-15,1.5,0.0
1100,600565,迪马股份,2010,2011-03-15,0.1,0.0
1101,600221,海南航空,2010,2011-03-15,0.5,0.0
1102,600161,天坛生物,2010,2011-03-15,1.0,0.0
1103,600056,中国医药,2010,2011-03-15,0.5,0.0
1104,600864,哈投股份,2010,2011-03-14,0.5,0.0
1105,600012,皖通高速,2010,2011-03-14,2.1,0.0
1106,600979,广安爱众,2010,2011-03-12,0.2,10.0
1107,002011,盾安环境,2010,2011-03-12,3.0,10.0
1108,600487,亨通光电,2010,2011-03-12,2.0,0.0
1109,600004,白云机场,2010,2011-03-12,3.0,0.0
1110,000985,大庆华科,2010,2011-03-12,1.0,0.0
1111,600638,新黄浦,2010,2011-03-12,1.7,0.0
1112,600606,绿地控股,2010,2011-03-12,0.5,1.5
1113,600587,新华医疗,2010,2011-03-12,1.0,0.0
1114,600382,广东明珠,2010,2011-03-12,0.3,0.0
1115,600258,首旅酒店,2010,2011-03-12,4.5,0.0
1116,300131,英唐智控,2010,2011-03-11,2.0,12.0
1117,300120,经纬电材,2010,2011-03-11,2.0,3.0
1118,002389,南洋科技,2010,2011-03-11,2.0,10.0
1119,002335,科华恒盛,2010,2011-03-11,8.0,10.0
1120,300027,华谊兄弟,2010,2011-03-11,2.0,8.0
1121,002270,华明装备,2010,2011-03-11,1.0,0.0
1122,002463,沪电股份,2010,2011-03-11,2.0,2.0
1123,600325,华发股份,2010,2011-03-11,1.0,0.0
1124,000790,泰合健康,2010,2011-03-11,0.3,3.0
1125,300163,先锋新材,2010,2011-03-10,3.0,0.0
1126,300128,锦富技术,2010,2011-03-10,4.0,10.0
1127,300104,乐视网,2010,2011-03-10,1.5,12.0
1128,300085,银之杰,2010,2011-03-10,6.0,10.0
1129,300078,思创医惠,2010,2011-03-10,15.0,15.0
1130,002456,欧菲光,2010,2011-03-10,1.6,10.0
1131,002296,辉煌科技,2010,2011-03-10,3.5,7.0
1132,002128,露天煤业,2010,2011-03-10,5.0,0.0
1133,002216,三全食品,2010,2011-03-10,2.0,0.0
1134,002033,丽江旅游,2010,2011-03-10,0.0,3.0
1135,000936,华西股份,2010,2011-03-10,0.6,0.0
1136,000918,嘉凯城,2010,2011-03-10,0.6,0.0
1137,000652,泰达股份,2010,2011-03-10,1.0,0.0
1138,000635,英力特,2010,2011-03-10,2.0,0.0
1139,000539,粤电力A,2010,2011-03-10,1.0,0.0
1140,600725,*ST云维,2010,2011-03-10,1.0,0.0
1141,600567,山鹰纸业,2010,2011-03-10,0.6,0.0
1142,600496,精工钢构,2010,2011-03-10,0.5,5.0
1143,600398,海澜之家,2010,2011-03-10,1.0,0.0
1144,600333,长春燃气,2010,2011-03-10,1.0,0.0
1145,600263,路桥建设,2010,2011-03-10,0.3,0.0
1146,600246,万通地产,2010,2011-03-10,1.7,0.0
1147,600235,民丰特纸,2010,2011-03-10,1.0,0.0
1148,600122,宏图高科,2010,2011-03-10,0.3,10.0
1149,600062,华润双鹤,2010,2011-03-10,2.3,0.0
1150,300122,智飞生物,2010,2011-03-09,2.0,0.0
1151,002255,海陆重工,2010,2011-03-09,2.0,0.0
1152,002153,石基信息,2010,2011-03-09,1.0,3.8
1153,600425,青松建化,2010,2011-03-09,4.0,0.0
1154,000903,云内动力,2010,2011-03-09,2.0,8.0
1155,000777,中核科技,2010,2011-03-09,1.2,0.0
1156,600849,上药转换,2010,2011-03-09,1.4,0.0
1157,601607,上海医药,2010,2011-03-09,1.4,0.0
1158,600626,申达股份,2010,2011-03-09,1.0,5.0
1159,600279,重庆港九,2010,2011-03-09,0.4,0.0
1160,300133,华策影视,2010,2011-03-08,6.0,10.0
1161,002468,申通快递,2010,2011-03-08,3.0,2.0
1162,002449,国星光电,2010,2011-03-08,2.5,0.0
1163,300086,康芝药业,2010,2011-03-08,3.0,10.0
1164,002431,棕榈股份,2010,2011-03-08,1.0,10.0
1165,600114,东睦股份,2010,2011-03-08,1.0,0.0
1166,600497,驰宏锌锗,2010,2011-03-08,3.0,3.0
1167,600460,士兰微,2010,2011-03-08,0.6,0.0
1168,000812,陕西金叶,2010,2011-03-08,0.0,2.0
1169,000801,四川九洲,2010,2011-03-08,0.0,10.0
1170,000655,金岭矿业,2010,2011-03-08,1.0,0.0
1171,000521,美菱电器,2010,2011-03-08,0.5,4.0
1172,000002,万科A,2010,2011-03-08,1.0,0.0
1173,600261,阳光照明,2010,2011-03-08,1.5,5.0
1174,300147,香雪制药,2010,2011-03-07,3.0,10.0
1175,002422,科伦药业,2010,2011-03-07,5.0,10.0
1176,002352,顺丰控股,2010,2011-03-05,5.0,0.0
1177,002342,巨力索具,2010,2011-03-05,1.5,0.0
1178,002322,理工环科,2010,2011-03-05,3.0,0.0
1179,002063,远光软件,2010,2011-03-05,1.0,3.0
1180,000999,华润三九,2010,2011-03-05,3.0,0.0
1181,000969,安泰科技,2010,2011-03-05,1.2,0.0
1182,000868,安凯客车,2010,2011-03-05,0.3,0.0
1183,000793,华闻传媒,2010,2011-03-05,0.2,0.0
1184,000778,新兴铸管,2010,2011-03-05,1.0,0.0
1185,000522,白云山A,2010,2011-03-05,0.5,0.0
1186,600826,兰生股份,2010,2011-03-05,0.3,5.0
1187,000429,粤高速A,2010,2011-03-05,1.0,0.0
1188,000422,湖北宜化,2010,2011-03-05,1.0,0.0
1189,000151,中成股份,2010,2011-03-05,0.2,0.0
1190,600356,恒丰纸业,2010,2011-03-05,1.0,2.0
1191,600277,亿利洁能,2010,2011-03-05,3.0,0.0
1192,600230,*ST沧大,2010,2011-03-05,1.3,0.0
1193,002436,兴森科技,2010,2011-03-04,4.0,10.0
1194,000629,*ST钒钛,2010,2011-03-04,1.2,0.0
1195,600861,北京城乡,2010,2011-03-04,1.2,0.0
1196,000069,华侨城A,2010,2011-03-04,0.6,8.0
1197,000055,方大集团,2010,2011-03-04,0.0,10.0
1198,600101,明星电力,2010,2011-03-04,0.7,0.0
1199,600087,退市长油,2010,2011-03-04,0.1,8.0
1200,002035,华帝股份,2010,2011-03-03,3.0,0.0
1201,600546,*ST山煤,2010,2011-03-03,3.0,0.0
1202,600743,华远地产,2010,2011-03-03,1.0,3.0
1203,600466,蓝光发展,2010,2011-03-03,0.0,15.0
1204,600456,宝钛股份,2010,2011-03-03,1.0,0.0
1205,600422,昆药集团,2010,2011-03-03,1.5,0.0
1206,600118,中国卫星,2010,2011-03-03,0.5,0.0
1207,002390,信邦制药,2010,2011-03-02,3.0,10.0
1208,002405,四维图新,2010,2011-03-02,1.5,2.0
1209,002117,东港股份,2010,2011-03-02,2.0,0.0
1210,600463,空港股份,2010,2011-03-02,0.8,0.0
1211,000708,大冶特钢,2010,2011-03-02,5.0,0.0
1212,000558,莱茵体育,2010,2011-03-02,0.8,7.0
1213,000417,合肥百货,2010,2011-03-02,1.0,0.0
1214,600660,福耀玻璃,2010,2011-03-02,5.7,0.0
1215,600276,恒瑞医药,2010,2011-03-02,1.0,5.0
1216,002543,万和电气,2010,2011-03-01,2.5,0.0
1217,002392,北京利尔,2010,2011-03-01,2.5,10.0
1218,300001,特锐德,2010,2011-03-01,3.0,5.0
1219,002253,川大智胜,2010,2011-03-01,3.0,0.0
1220,002081,金螳螂,2010,2011-03-01,2.0,5.0
1221,600048,保利地产,2010,2011-03-01,2.1,3.0
1222,601600,中国铝业,2010,2011-03-01,0.1,0.0
1223,601377,兴业证券,2010,2011-03-01,1.5,0.0
1224,600143,金发科技,2010,2011-03-01,1.0,0.0
1225,600469,风神股份,2010,2011-03-01,1.0,0.0
1226,600433,冠豪高新,2010,2011-03-01,0.3,0.0
1227,001696,宗申动力,2010,2011-03-01,4.0,0.0
1228,000528,柳工,2010,2011-03-01,5.0,5.0
1229,600828,茂业商业,2010,2011-03-01,0.3,2.0
1230,600765,中航重机,2010,2011-03-01,0.4,0.0
1231,000026,飞亚达A,2010,2011-03-01,1.0,8.0
1232,600644,乐山电力,2010,2011-03-01,0.6,0.0
1233,600561,江西长运,2010,2011-03-01,1.8,0.0
1234,600550,保变电气,2010,2011-03-01,2.0,0.0
1235,600368,五洲交通,2010,2011-03-01,1.1,0.0
1236,600321,国栋建设,2010,2011-03-01,0.7,0.0
1237,600256,广汇能源,2010,2011-03-01,0.6,5.0
1238,002488,金固股份,2010,2011-02-28,3.0,5.0
1239,002441,众业达,2010,2011-02-28,5.0,10.0
1240,002400,省广股份,2010,2011-02-28,1.6,8.0
1241,002523,天桥起重,2010,2011-02-28,2.0,0.0
1242,002309,中利集团,2010,2011-02-28,1.0,0.0
1243,300091,金通灵,2010,2011-02-28,2.0,15.0
1244,300070,碧水源,2010,2011-02-28,3.0,12.0
1245,002160,常铝股份,2010,2011-02-28,0.4,10.0
1246,002137,麦达数字,2010,2011-02-28,0.0,2.0
1247,300082,奥克股份,2010,2011-02-28,4.0,6.0
1248,002425,凯撒文化,2010,2011-02-28,1.5,10.0
1249,600409,三友化工,2010,2011-02-28,1.2,0.0
1250,000839,中信国安,2010,2011-02-28,1.0,0.0
1251,600729,重庆百货,2010,2011-02-28,2.0,0.0
1252,600629,华建集团,2010,2011-02-28,0.0,2.0
1253,600500,中化国际,2010,2011-02-28,1.5,0.0
1254,600231,凌钢股份,2010,2011-02-28,0.4,0.0
1255,002493,荣盛石化,2010,2011-02-26,8.0,10.0
1256,300121,阳谷华泰,2010,2011-02-26,0.0,8.0
1257,300099,尤洛卡,2010,2011-02-26,3.0,15.0
1258,300043,星辉娱乐,2010,2011-02-26,2.0,10.0
1259,300064,豫金刚石,2010,2011-02-26,2.0,10.0
1260,002419,天虹商场,2010,2011-02-26,6.0,10.0
1261,002211,宏达新材,2010,2011-02-26,0.0,5.0
1262,002084,海鸥卫浴,2010,2011-02-26,0.0,2.0
1263,002038,双鹭药业,2010,2011-02-26,2.5,5.0
1264,002013,中航机电,2010,2011-02-26,0.3,3.0
1265,000100,TCL集团,2010,2011-02-26,0.0,10.0
1266,600547,山东黄金,2010,2011-02-26,1.0,0.0
1267,000930,中粮生化,2010,2011-02-26,0.4,0.0
1268,000860,顺鑫农业,2010,2011-02-26,2.5,0.0
1269,000837,秦川机床,2010,2011-02-26,0.8,0.0
1270,000513,丽珠集团,2010,2011-02-26,1.0,0.0
1271,600841,上柴股份,2010,2011-02-26,0.5,0.0
1272,000043,中航地产,2010,2011-02-26,1.5,5.0
1273,600662,强生控股,2010,2011-02-26,0.8,0.0
1274,600499,科达洁能,2010,2011-02-26,1.0,0.0
1275,600350,山东高速,2010,2011-02-26,1.0,0.0
1276,600009,上海机场,2010,2011-02-26,1.0,0.0
1277,002503,搜于特,2010,2011-02-25,10.0,10.0
1278,002367,康力电梯,2010,2011-02-25,3.0,5.0
1279,300030,阳普医疗,2010,2011-02-25,1.0,10.0
1280,002324,普利特,2010,2011-02-25,1.0,10.0
1281,002282,博深工具,2010,2011-02-25,2.5,3.0
1282,300011,鼎汉技术,2010,2011-02-25,1.8,0.0
1283,002229,鸿博股份,2010,2011-02-25,1.5,0.0
1284,002177,御银股份,2010,2011-02-25,0.0,3.0
1285,002162,悦心健康,2010,2011-02-25,0.5,0.0
1286,002371,北方华创,2010,2011-02-25,1.0,3.0
1287,002126,银轮股份,2010,2011-02-25,0.8,3.0
1288,002135,东南网架,2010,2011-02-25,0.5,5.0
1289,002099,海翔药业,2010,2011-02-25,2.0,0.0
1290,002168,深圳惠程,2010,2011-02-25,0.0,10.0
1291,300024,机器人,2010,2011-02-25,1.0,12.0
1292,002240,威华股份,2010,2011-02-25,0.0,6.0
1293,002088,鲁阳节能,2010,2011-02-25,1.0,0.0
1294,002281,光迅科技,2010,2011-02-25,2.5,0.0
1295,002012,凯恩股份,2010,2011-02-25,1.0,0.0
1296,000911,南宁糖业,2010,2011-02-25,3.5,0.0
1297,000514,渝开发,2010,2011-02-25,0.3,0.0
1298,000428,华天酒店,2010,2011-02-25,0.0,3.0
1299,600139,西部资源,2010,2011-02-25,0.5,4.0
1300,300048,合康新能,2010,2011-02-24,2.5,10.0
1301,002506,协鑫集成,2010,2011-02-24,4.0,10.0
1302,002278,神开股份,2010,2011-02-24,1.5,2.0
1303,600066,宇通客车,2010,2011-02-24,3.0,0.0
1304,300118,东方日升,2010,2011-02-23,5.0,10.0
1305,002410,广联达,2010,2011-02-23,6.0,5.0
1306,002170,芭田股份,2010,2011-02-23,0.5,3.0
1307,002058,威尔泰,2010,2011-02-23,0.6,10.0
1308,000950,*ST建峰,2010,2011-02-23,1.0,0.0
1309,000564,供销大集,2010,2011-02-23,0.5,0.0
1310,600351,亚宝药业,2010,2011-02-23,0.5,0.0
1311,600168,武汉控股,2010,2011-02-23,0.3,0.0
1312,300129,泰胜风能,2010,2011-02-22,2.0,8.0
1313,002437,誉衡药业,2010,2011-02-22,5.0,10.0
1314,601268,*ST二重,2010,2011-02-22,0.5,0.0
1315,002132,恒星科技,2010,2011-02-22,1.0,10.0
1316,002111,威海广泰,2010,2011-02-22,1.5,0.0
1317,002331,皖通科技,2010,2011-02-22,2.0,7.0
1318,002026,山东威达,2010,2011-02-22,1.0,3.0
1319,000731,四川美丰,2010,2011-02-22,1.0,0.0
1320,000565,渝三峡A,2010,2011-02-22,1.0,0.0
1321,600824,益民集团,2010,2011-02-22,0.6,0.0
1322,600503,华丽家族,2010,2011-02-22,5.0,3.5
1323,002161,远望谷,2010,2011-02-19,0.4,3.0
1324,002037,久联发展,2010,2011-02-19,2.0,0.0
1325,600850,华东电脑,2010,2011-02-19,0.5,0.0
1326,600182,S佳通,2010,2011-02-19,1.0,0.0
1327,300057,万顺股份,2010,2011-02-18,1.8,10.0
1328,600160,巨化股份,2010,2011-02-18,2.5,3.0
1329,002067,景兴纸业,2010,2011-02-17,1.0,0.0
1330,002333,罗普斯金,2010,2011-02-16,1.0,0.0
1331,002049,紫光国芯,2010,2011-02-16,1.1,0.0
1332,000988,华工科技,2010,2011-02-16,1.0,0.0
1333,600794,保税科技,2010,2011-02-16,0.0,2.0
1334,002130,沃尔核材,2010,2011-02-15,0.5,0.0
1335,600113,浙江东日,2010,2011-02-15,0.5,3.5
1336,300008,天海防务,2010,2011-02-01,3.0,7.0
1337,600675,中华企业,2010,2011-02-01,1.0,0.0
1338,300074,华平股份,2010,2011-01-31,10.0,15.0
1339,002283,天润曲轴,2010,2011-01-31,1.0,10.0
1340,002263,大东南,2010,2011-01-31,1.0,0.0
1341,000788,北大医药,2010,2011-01-31,1.0,4.0
1342,600710,*ST常林,2010,2011-01-31,0.5,0.0
1343,600234,*ST山水,2010,2011-01-31,0.0,4.0
1344,300134,大富科技,2010,2011-01-29,12.3,0.0
1345,002249,大洋电机,2010,2011-01-29,2.8,0.0
1346,002250,联化科技,2010,2011-01-29,2.0,0.0
1347,600406,国电南瑞,2010,2011-01-29,1.0,10.0
1348,600873,梅花生物,2010,2011-01-29,5.0,16.9
1349,300143,星河生物,2010,2011-01-28,0.0,12.0
1350,300108,双龙股份,2010,2011-01-28,1.2,3.0
1351,002230,科大讯飞,2010,2011-01-28,2.0,5.0
1352,002014,永新股份,2010,2011-01-28,4.0,3.0
1353,600420,现代制药,2010,2011-01-28,1.0,0.0
1354,002056,横店东磁,2010,2011-01-27,0.7,0.0
1355,000785,武汉中商,2010,2011-01-27,1.0,0.0
1356,002481,双塔食品,2010,2011-01-26,3.0,10.0
1357,002171,楚江新材,2010,2011-01-26,2.0,10.0
1358,000852,石化机械,2010,2011-01-26,2.0,0.0
1359,600488,天药股份,2010,2011-01-26,0.3,0.0
1360,002299,圣农发展,2010,2011-01-25,2.5,10.0
1361,002176,江特电机,2010,2011-01-25,0.4,8.0
1362,600307,酒钢宏兴,2010,2011-01-25,1.0,10.0
1363,601678,滨化股份,2010,2011-01-24,1.0,5.0
1364,600703,三安光电,2010,2011-01-24,2.0,12.0
1365,000979,中弘股份,2010,2011-01-22,0.0,8.0
1366,600298,安琪酵母,2010,2011-01-22,1.5,0.0
1367,600527,江南高纤,2010,2011-01-21,0.5,0.0
1368,002479,富春环保,2010,2011-01-20,5.0,10.0
1369,000850,华茂股份,2010,2011-01-20,0.3,5.0
1370,002349,精华制药,2010,2011-01-19,1.0,2.5
1371,600099,林海股份,2010,2011-01-19,0.4,0.0
1372,000563,陕国投A,2010,2011-01-18,0.5,0.0
1373,601186,中国铁建,2010,2010-08-31,0.5,0.0
1374,000982,中银绒业,2010,2010-08-31,0.0,5.0
1375,600712,南宁百货,2010,2010-08-31,0.6,5.0
1376,002352,顺丰控股,2010,2010-08-28,2.0,0.0
1377,601288,农业银行,2010,2010-08-28,1.2,0.0
1378,000936,华西股份,2010,2010-08-28,0.0,7.0
1379,002431,棕榈股份,2010,2010-08-27,4.0,6.0
1380,601857,中国石油,2010,2010-08-27,1.6,0.0
1381,002001,新和成,2010,2010-08-27,0.0,5.0
1382,600097,开创国际,2010,2010-08-27,1.0,0.0
1383,300050,世纪鼎利,2010,2010-08-26,1.5,10.0
1384,002377,国创高新,2010,2010-08-26,3.0,0.0
1385,002219,恒康医疗,2010,2010-08-26,0.3,6.0
1386,002137,麦达数字,2010,2010-08-26,1.0,0.0
1387,002054,德美化工,2010,2010-08-26,0.0,4.0
1388,002424,贵州百灵,2010,2010-08-25,5.0,6.0
1389,002411,必康股份,2010,2010-08-25,0.0,5.0
1390,002252,上海莱士,2010,2010-08-25,0.0,7.0
1391,601318,中国平安,2010,2010-08-25,1.5,0.0
1392,300101,振芯科技,2010,2010-08-24,2.0,0.0
1393,300051,三五互联,2010,2010-08-24,0.0,5.0
1394,000338,潍柴动力,2010,2010-08-24,0.0,10.0
1395,600983,惠而浦,2010,2010-08-24,0.5,6.0
1396,600594,益佰制药,2010,2010-08-24,0.3,5.0
1397,002092,中泰化学,2010,2010-08-23,1.3,5.0
1398,600031,三一重工,2010,2010-08-23,1.3,11.0
1399,600028,中国石化,2010,2010-08-23,0.8,0.0
1400,002406,远东传动,2010,2010-08-21,2.0,0.0
1401,002365,永安药业,2010,2010-08-21,5.0,0.0
1402,002094,青岛金王,2010,2010-08-21,0.2,5.0
1403,300049,福瑞股份,2010,2010-08-21,0.0,3.0
1404,601727,上海电气,2010,2010-08-21,0.6,0.0
1405,600246,万通地产,2010,2010-08-21,0.9,0.0
1406,002394,联发股份,2010,2010-08-19,3.0,0.0
1407,002384,东山精密,2010,2010-08-19,2.0,0.0
1408,002366,台海核电,2010,2010-08-19,3.5,0.0
1409,601328,交通银行,2010,2010-08-19,1.0,0.0
1410,000671,阳光城,2010,2010-08-19,0.0,6.0
1411,002051,中工国际,2010,2010-08-18,3.5,5.0
1412,000963,华东医药,2010,2010-08-18,3.3,0.0
1413,600316,洪都航空,2010,2010-08-18,0.3,6.0
1414,002378,章源钨业,2010,2010-08-17,1.5,0.0
1415,002410,广联达,2010,2010-08-16,0.0,5.0
1416,300043,星辉娱乐,2010,2010-08-14,0.0,5.0
1417,002334,英威腾,2010,2010-08-13,3.0,9.0
1418,600970,中材国际,2010,2010-08-13,2.7,0.0
1419,600376,首开股份,2010,2010-08-13,0.5,0.0
1420,002397,梦洁股份,2010,2010-08-09,8.0,5.0
1421,002328,新朋股份,2010,2010-08-06,1.0,0.0
1422,002198,嘉应制药,2010,2010-08-05,1.0,10.0
1423,002351,漫步者,2010,2010-08-03,5.0,0.0
1424,600017,日照港,2010,2010-08-03,0.0,5.0
1425,002380,科远股份,2010,2010-07-31,5.0,0.0
1426,002138,顺络电子,2010,2010-07-31,0.0,5.0
1427,600252,中恒集团,2010,2010-07-31,0.3,10.0
1428,002404,嘉欣丝绸,2010,2010-07-30,2.0,0.0
1429,002369,卓翼科技,2010,2010-07-30,5.0,0.0
1430,600846,同济科技,2010,2010-07-30,0.2,2.0
1431,600458,时代新材,2010,2010-07-30,2.0,0.0
1432,002364,中恒电气,2010,2010-07-29,2.0,0.0
1433,300082,奥克股份,2010,2010-07-29,3.0,5.0
1434,002087,新野纺织,2010,2010-07-29,0.0,4.0
1435,600557,康缘药业,2010,2010-07-24,0.0,3.0
1436,002248,华东数控,2010,2010-07-23,1.0,10.0
1437,300076,GQY视讯,2010,2010-07-21,3.0,10.0
1438,600507,方大特钢,2010,2010-07-21,0.0,9.0
1439,002391,长青股份,2010,2010-07-16,4.0,6.0
1440,002310,东方园林,2010,2010-07-08,2.0,10.0
1441,000157,中联重科,2010,2010-07-07,1.7,15.0
